{"version":3,"hash":{"type":"Buffer","data":"50f02esnY5zeTDV2vLGiHwC67CbdbSYn3o4X1kxqp/7aztpqiyXJZjIV05BEHYo2oCenO1xvuIgpOenRx3bWNmIEc1BEAzWgSR8CdNDIPf/gDIac8c9ifoSu49R1EhxeSE/2JZ0fn/9YnfKZ1z+VCptrScgAar1ACrrty7/SEQg="},"indexValueMap":{"JcqEdznBjLeDgN+oYE9GvH4w1FHrmHIcCsyxW/Nk72U=":{"valueMac":{"type":"Buffer","data":"tJWoTKidI/Y1qmezdym1ZUMeP5vJ22Clr+ZsJFswJd4="}},"GvJRhBvcI4dqetvog7v3tmE7jJluqrq4rmY8u/0kdmc=":{"valueMac":{"type":"Buffer","data":"POCL8j9qaehOAREtD0WvWF1xIqu9ZbVYGaNkDVaUcCo="}},"dXISIjTaf+Gen3efhZjLGgddyN8kd7+o68QI0EUDs+M=":{"valueMac":{"type":"Buffer","data":"3w0CJeGZy4tSg2rKS8n3I6QGtgPC5fo7jg3CgWLbEHE="}},"G4/Iq2xIUrHDqAJf9Zjxa9lND73aN/4VgJP2tTp4GSk=":{"valueMac":{"type":"Buffer","data":"akKgJKLOWWyYAfz7Zrq3GH4ufpR8s7plizTSAuivbkU="}},"Y2crTE+4gSKJr3T/jr/SB0jefPVGBewkdwDMBMeil7A=":{"valueMac":{"type":"Buffer","data":"XLcWvLkXJcfYj6sV1xd2rmvUrnwrFZfU2H9BLDiJNNw="}},"7PBE3OgqiWORQXEqE+gXKH9fw0zlQtwkRdOAgXSkTwE=":{"valueMac":{"type":"Buffer","data":"AcRj3Ri5W8bmQKvaYh898Or56OCXmMhVcyYYZJh37NE="}},"AyvefOSN83006Th4BX39D+fvmK1ogvXlkMKgUyHrP7M=":{"valueMac":{"type":"Buffer","data":"wStp7JHGLMx/YryEO+wZQeo7Cs9yupdLfDMTf8Sc3gg="}},"Dr29YRjZItcgTrRFMbYm89a2dGp6J8rDHUoyHwJi1gU=":{"valueMac":{"type":"Buffer","data":"oyR2jU9T/2/jDmmpYPhriKrwcwCGSc4WaOExy4T3ztw="}},"wRuosWf2OqF2g3X2H3RVk5ttCpPQrpOO0VvTb1fG4Ac=":{"valueMac":{"type":"Buffer","data":"4cqIPW6SN4kxuv0NcBgXukcNO0mDODi8/DkkIBRZ4Dc="}},"BsJFPTfcJw2Sf4+qsHFzQA7eVY3GHmGOs4xPI53LEzc=":{"valueMac":{"type":"Buffer","data":"GFvt6y6sDD22lArNKsf7jTv55f9XHJ9HDy/FyeFihZg="}},"o8PAPjFxz/zNPZ1Mb+wMYvHhbBO0FrZXA+F0Y91mwpw=":{"valueMac":{"type":"Buffer","data":"tKwjCxjuOZVRecFD+y9grUI+yRNorYJbQMxZHjngzlU="}},"LvcaoP3WKOq9EtndEZWFvGKk1Wtlsg7gWmT7Rkt0IJ8=":{"valueMac":{"type":"Buffer","data":"j/ZmUXZs4Il3YDA8kq6mH/4IkwHtjghGDWEcU/SV/FI="}},"c2L3xJ8sag/0JMqqO02mzEZpE/QWwPL6XHtQeXHsDBs=":{"valueMac":{"type":"Buffer","data":"x4Rtm9e+SfsjKZ3eObkGRK14dEDIsN0GfaRLJLkCI90="}},"+v+VHLJtHvllD2S86gdkgPxpWQeGwcBvLiBfpz3TC7k=":{"valueMac":{"type":"Buffer","data":"N3TjQ7SjzFwXch4ClW28T+ajzOa0KD4Rv5/HYgNW1Mg="}},"YrkLxoqWdzBf2ZzPgU/p6QNKXb94FurEEmeIRf1a1fY=":{"valueMac":{"type":"Buffer","data":"grC8XSQgTe8gBDOFQi4k126spJutTh5l23DP2jztYlo="}},"CNvCq8Iyh/w+e+8rVYn01uAnqa467/tMpZvC7BOZSks=":{"valueMac":{"type":"Buffer","data":"MAMVYzaP9LsXesVHjtjWS4M8elwfaRADm+SQzsQyJd4="}},"JgnX/502rZez8Sm9W/VQ+o6gcI4RyQAYAMkSGpHrfjY=":{"valueMac":{"type":"Buffer","data":"Ey1D71IkLbmTpkbUB6HODuqdpA3xEKF6Z5I/dOfJ+3M="}},"z0beUZaQNYPauKiUqBMz25S6ZCjF82y94n2wf3E9eOg=":{"valueMac":{"type":"Buffer","data":"jYhqBbeM6rJdge1i1ji9PO1xNAkQPnaX6AVSY7dFt98="}},"X8D9gCRu5tHAuJQsmtkGpTZ89yGMcKQRCWdhgHqqARY=":{"valueMac":{"type":"Buffer","data":"S5VZB9rds7UuF+NNDZTF/LhsotizqchzxtlS/4HtfTk="}},"jcqo2BaRs6bCy5rUNalq3q0Io+aN1sB2B6pAmyI0KfU=":{"valueMac":{"type":"Buffer","data":"ruexVD+FXIYnO3FZn79PvOUIB3j46WcqBB14BRr/hDA="}},"i0n6WZFOK3njmwd6RkCQULCybK7Xo3mzXR94Qlu5t/M=":{"valueMac":{"type":"Buffer","data":"/wznd3cVRLhP8q5qJuDQ5Y95yxK47+1rJR08uaqBfsc="}},"7y6gx5oYt9+DhZNv93RQ6EPWbvaat2NXiG+e2XCbWwU=":{"valueMac":{"type":"Buffer","data":"x51+6VWhBnk4vsKXI4jF8w4iIKe6kyzOrJpXwUfidbk="}},"PyDzC4R0avuWcqpfJTn8CHuJ/2FIaoYYJDQjAd6Evow=":{"valueMac":{"type":"Buffer","data":"oeQ9Ja6LBvzqHkD4hw+3MDScaNBqSiq6oC3mxYOMYr0="}},"6QjZP5FFX1ppG6JPjdQbP3nGFQVqqwa4gJoBeMIHlFI=":{"valueMac":{"type":"Buffer","data":"+mbEtl2F47mY+xA19som+3T0/zOR0IwrfCLMhIMKhW0="}},"vx7L16Ipj0b7Nf4ObC0NzXJz/WnSqSnvtlVLAkP9d4k=":{"valueMac":{"type":"Buffer","data":"YB4njPschzjkGRGWCi8nzo4dLIBdY6J6aMIuYNK9K7E="}},"b+KHXlg/lOfBqag8KTcySworhKDbH8WAUY7ULZodBkA=":{"valueMac":{"type":"Buffer","data":"wBaomQJ2wsDycWQjwP/XYLbfyNbmfcLnk3VByBJaNTI="}},"SZ/+BLE4UIpa0ZfsF4QP+ZfX2XI6Ohaqzfva3C2Dy1Q=":{"valueMac":{"type":"Buffer","data":"8F05dl5rTsMulTVi8I8xAXZzgIDhEZZOXCWkQVEFwzo="}},"9hJ+pHkeU5S4SjlqOmcRa1x1nFXpjTyfxgz1Dtwgdrk=":{"valueMac":{"type":"Buffer","data":"wnRvpOvtdXSIciEA25zrg4g0R5x1yO4LenZ6DsVXpag="}},"VwRh269nCXiwb0lqLetYSNVYsSTeLPoROE/gLHccj3g=":{"valueMac":{"type":"Buffer","data":"wdmXuwawgpHYiDWEVBQpUGvlJ/592Sg2Se/40j9oAOk="}},"FqtI3qPLynlAeqWAvd1ieItsrp3G7Wm14pE2Ohce86k=":{"valueMac":{"type":"Buffer","data":"uDW/1am8czfIWE6JjCNHUI7D0Omqler6stFtWWCk6D0="}},"2ubsYlgoQu8MOWkXRngtIm737y7WpZ4lKVuTR8F+MM8=":{"valueMac":{"type":"Buffer","data":"PbNKHFFnSTtFNnxLVAbXWTbh2ORIa/AN+SBTfhbwZ2M="}},"b7Ohb6K2YpG/fnQN1I4v63+Z3CaEzK3iIUwy0Uo09JY=":{"valueMac":{"type":"Buffer","data":"EkW+4xtE7VBMcHiL4XQDmSN4GRRo4B4qO4XEXBdj4Sg="}},"TRUK7z8KU7bWkfgeL1/TsANOsaixyMEdXAsl0fu+N54=":{"valueMac":{"type":"Buffer","data":"2/pVQzJAlef7HD6iLrp45ZBQ9FTNXCm1SI6MmDLyBzQ="}},"qumhf3tN4j6JIszPcMJu1kVaMu5Nq1Z7KQPR8R8/7Gs=":{"valueMac":{"type":"Buffer","data":"aQ4nyRN+JWQtEQ4fzpzZPnPrGJChtDVP0CsPbw9L7Jg="}},"1Hk8bpvfkmjXu2F9tF0JJtb6fyKbAZSr6TKijJ5xKNI=":{"valueMac":{"type":"Buffer","data":"5NhYpTWjWAGqL19WWWbB2uuCq2DRtDndzzEhvubOEE4="}},"9chM24U1vnzNZmxfUCzZiccGaL0fqay9j95PTUVhExo=":{"valueMac":{"type":"Buffer","data":"aVTxY+I0yjsnFHnbgBebOnDBbscunULlpmC9EAhWvqc="}},"D9ECaRfZ9MbqoNMUulAsazFGEZNfYCehI6ib4FjrYZc=":{"valueMac":{"type":"Buffer","data":"UKxP3zF+ODbFxuyWK7if/1FVvjWxHlLicu+s+3P7zxc="}},"zh8YNQ0XkqMONE15YavAZZVMAdqfXJjxAgkaL/je+OY=":{"valueMac":{"type":"Buffer","data":"Tqgxa0CQcUkQBgxw+Bguh0K9TXIr+BmtDqfiSfAHBk4="}},"wdAcMvjZwYv6xL+IXNvhOy5meAH04ynnk+Wy5uoFtuU=":{"valueMac":{"type":"Buffer","data":"0dGI3bAGn2iWcPNhFx3+f16ILU9pMhpSuSWGhH8N9TE="}},"mJnyjfiPpury6gMNC+KCJbGAv+hYpNI5YR8UQ8Qf3rg=":{"valueMac":{"type":"Buffer","data":"bTfzJQ8OyQg0rxwaUFowz+GPcbHer8g2ybiIC/+NFwY="}},"GznS2k3m1hiVR+gpHaX2ZTEXs3A0sywGHgpjwhzkpCs=":{"valueMac":{"type":"Buffer","data":"nI33XbprCqbr8vc0hzUysIx+qNkC3XrEC0fB499SMEo="}},"SV+05mAmsHjEQ+/4XQeh+XKurGX/1LRhBvZkBbFzNT8=":{"valueMac":{"type":"Buffer","data":"rbDPqCctOI9kXM46BznWIkL55731acRALFaEWCdzw6c="}},"2luf/DiAqxyMxs3dHQxPOVpbjMiScxY8ukemGHjgS9I=":{"valueMac":{"type":"Buffer","data":"bMxqEGgWRln8fk1ITZZXJ4M8bCj2d2QslGGdZVdpq20="}},"2/7d/x5N1yj/3RCss1mM5K4ZsB14zPwpql0aScXHmko=":{"valueMac":{"type":"Buffer","data":"OnWHTQLIFruUtOL5hEe1ggmkTGDbmeZG5VJP6vFGD9w="}},"wnaq+dfxrF29m9rD3nRa18xn3U2kE3eAMKXEGUttP8Q=":{"valueMac":{"type":"Buffer","data":"wS7h4dkGjB+tBGmxB6Vl7XLmi/OWd2Mx+CaZOyBlIkE="}},"Je/2m+opkdsd56877tWifTH552VQ/shQOItUlp38Tjc=":{"valueMac":{"type":"Buffer","data":"Vn/QD2NZqFKP3yO0rfPBM8Z/8JJOwfOR54+DEn0OO44="}},"gu1uFOehJYvqvLu1HVhqvl480SrRuzeHDVK4hzm1nak=":{"valueMac":{"type":"Buffer","data":"95bMKR1cG+fvXVUDWpSv3FNWV1V285MkUdac3LQ0xtw="}},"MuA7PMHFrQQwomu7lxNeHg0jFEujRdhbcw4+DSgfiaQ=":{"valueMac":{"type":"Buffer","data":"EGiTDTTEwI2LpDzN2IeYb16ty8H1N0K2hBolg7Ydasc="}},"f9US03bH4DPLEsn6lLGOP0ehIltJ/llx2EqS+h962bU=":{"valueMac":{"type":"Buffer","data":"WjftKCQBTwKs4VGELdWD5EHInpHBXzB+Mtp4pXB6kb0="}},"AKIT3l07im46DsHoLz5o6EgaAINwi7Nc/pOZhI57lOI=":{"valueMac":{"type":"Buffer","data":"yt1naDCoIl4DXJEPaLHxgQqHjKCx28O9hS6J9qO7Eng="}},"9Cbm3AgistTSjECCE7lm4Th4gwsFKRjMVnn0BglzoxA=":{"valueMac":{"type":"Buffer","data":"4w9CcFSsZSfQIdY45WyVdQn7hA90MkAqsEx75dVnsa4="}},"Hptz+QK3Duy6gk8MVKKWQc1t3Mr2cH/A1ASvn8rW4MI=":{"valueMac":{"type":"Buffer","data":"w9/3cawiKyaH32WAJbsgIuY8+uyPKfIKQxyXAHd7diA="}},"rRSO7/lNFvMKPyqPUjG8o5nU+bEkIVQxzRnV/Cg7j5s=":{"valueMac":{"type":"Buffer","data":"Og8FPla8O3gdc3eU4g4Lakwn4SXx0Yex0rekgOs1/8A="}},"xbtKH1b3kZyF53SMmoITEddglj8VRspvmXc78M6lriM=":{"valueMac":{"type":"Buffer","data":"d0Oead1nZEDO5jy61jUS9W1F3WGwYG6cPvqjrKefi3s="}},"WUI3UUfCK+5Q0jBfMKXRcteYUPWWM6m2qnfbuPAL69I=":{"valueMac":{"type":"Buffer","data":"DaUMlDni6ygDBgIVfnt+iQOYk87XY8SXyirLWPw8ZFA="}},"1zIHWXMQeojCbYAQRT7978pWbYQifnSlT/AV9PjEoiE=":{"valueMac":{"type":"Buffer","data":"/znbUNyWT2vqa0E7gkewEZ1mu5uzLgKGiO76ab5K2yA="}},"ibkLt8AV+ImyybeCISobsPAP22eoN0YM8ka64GhK5C4=":{"valueMac":{"type":"Buffer","data":"vTegTzXTNkWkQUiZxPWiLkEpCpy8XHy9TBo9w56Y6to="}},"A5ve4sstZxuroc4rn8sL3vz0iQozDrG9461uSVqIPp4=":{"valueMac":{"type":"Buffer","data":"hVMtVgeeQ1sF+5EAYOR6mhZgP0jxuNKNBCuBiY8alJ8="}},"pEiP+CPAGLR5dHG3sPoI2sAMx/nJogZkl4+RtSruxJ0=":{"valueMac":{"type":"Buffer","data":"CxV7T5MN15oxwCkMyxybn50cHqRxB7hAsQtID/nhy2c="}},"NdRTQMT8+bP1+71LfuWjCqaf8tuzKLn6mXeiKyIKHGA=":{"valueMac":{"type":"Buffer","data":"+6MUVrCVQ7e8/hIfXsMk5bgZ/9gqTMAx/ECtRh+lJzM="}},"736cfKg69cSahbuVzMZtv3uUoFoM28xZHojFD3Tql2w=":{"valueMac":{"type":"Buffer","data":"a12dynqeoSLJj1qZspl43W/ve5jDV5gOd3qZic1J8Us="}},"yP5t70LCkiv3Kn3CREg5g6BnLbW2rT363x/ARk/gxu4=":{"valueMac":{"type":"Buffer","data":"Zmm7JQr1LYbMUO+wAgn1AvaPNPLJTJnWBfnp345SXnw="}},"KHI/0DWkZDSDiIQiLC8NXd8l2r5avs/AoqifaZmulQQ=":{"valueMac":{"type":"Buffer","data":"1WEopZysef2EfxcIsLav+IU2UBFJFBr82RD8mSt9H5I="}},"nm4Dw1fs45Xzu//u+/yXUeXXoTwxN8dXa2AnEQkBbBc=":{"valueMac":{"type":"Buffer","data":"mHiHd3yV4xaRkhFfm9enV0BDh3XfPDFHZ6RpBQ5HmLk="}},"V3+fcRg64fCk4VGz+7Pmp92G808FwX1tVxTQ1N6xgEM=":{"valueMac":{"type":"Buffer","data":"adlBhwID5nNnp++RjJ5yuDfHMtJsNHq5NSVMecNlfXw="}},"M9guMDGcOGtwMHrRwKT9MHtg3qohN9umRBbaeWXSCwM=":{"valueMac":{"type":"Buffer","data":"Ycy/r1lnJ/RHVx88yctFTHq8TLWQ2dM3CkvvuwQL2BA="}},"tDQM3zi4PfH/3pXCCOJ7yHVTDpTDgGaD49bzlLVhEo4=":{"valueMac":{"type":"Buffer","data":"QULr6ubkuF5kH8+Vke+j+L7qgSVPCLgou1XvlV0lzFM="}},"od+txvKiZkItAUOAppjCncRWrf3VjYwVZmg/QjWL+xs=":{"valueMac":{"type":"Buffer","data":"8/C6nEBHLAot0QCm6PTJkDNBOWha+6NlRSZXyuQlh78="}},"rEtOiAvkSSx6wpZB/Hvg3AdG+Jsd5IhxojwR7z5GQMs=":{"valueMac":{"type":"Buffer","data":"/zw9nKDfwMdvlxuljD4aScMKnS+W5BN9ytYqIlwi68M="}},"5II2Yx1cqVBL2FmTUf0atYl8lDQTEPe7dOkubAeA37A=":{"valueMac":{"type":"Buffer","data":"6qvDTGoHXw60Kt9D7tp0WU9l29NlaTL3aJgCvk/uMB8="}},"WCuJwmFa/Y/FIKPzDLZnfEE18o+PGNr3F3t3fuExwGs=":{"valueMac":{"type":"Buffer","data":"5xseKVJlX6vdbFwFgQoqx+SzfnlBrTTp0pP10rmguLQ="}},"eOSzWjwcOWD/G3b6XZLQrNl4o/dgfY5xkQwgceIB9JE=":{"valueMac":{"type":"Buffer","data":"kZNr3jgDIo2ggpm7KfYMc/LNjws5WLmXJaVkdfiDKrY="}},"Oziv1OMdoi1VzTkvlPdMmSKnfrPLaHuRJPPXmw0rz3Y=":{"valueMac":{"type":"Buffer","data":"g7cGbIr2Q7GePtwp7UXswh+HWMi2MXep9sjOYUPTajQ="}},"m02Tg3PN8Wb2Q1YA/NOH7zCGov1vtd0Nb9y+5PhsjTM=":{"valueMac":{"type":"Buffer","data":"2G2q5CbBbFdBTsEAxJDJ3A8sP/9senjlXPaoohO8a3Q="}},"peh07sswqUm8a12bYpB3iLWh+71NyuL2j6Ok9TfmFnE=":{"valueMac":{"type":"Buffer","data":"8VxiM3SdGeWRsbOg+ugVOO2T2HSVihzh/wXIa8oz5E0="}},"M6C5MoIehOgHdGL3ok1ukFEGIZaqDBjz2AeQVLfx9UY=":{"valueMac":{"type":"Buffer","data":"kzgtmb+fWE96iMiySmZp2n8fHjGAFXq1ucIuTWeKIGE="}},"DiIpKIx0sru+aJt8QhakyEczui2mERisZofMWiPt6kk=":{"valueMac":{"type":"Buffer","data":"JRRlosc7DizI/H6uh3z97agWxolN/TQCNbvjyn0HbZQ="}},"i94h0iCCpUckitOG9vqueiKeiW7mYBxkhMVZARfQ/Zo=":{"valueMac":{"type":"Buffer","data":"SAXDXRU6hzT72Rzenwapm9/mLHxiSN8u69sTLyaKoTY="}},"D3Rp2Y4kkyFS+gwwr0vVmC57iLzClEYsiO8iCgR1C/E=":{"valueMac":{"type":"Buffer","data":"C1i7cAwtj/tit/JEO/QW5o3HqqUN3p3V0AW+xG9JmTc="}},"gERnHY7BF7MzqmNmT50rLZzjexrVFo+SrRivQvXUPkU=":{"valueMac":{"type":"Buffer","data":"zo4uyJABozIFX8+q1PYfoN0ZBwY8lUFh3Opke7G1y58="}},"8WTsTsJGVsDrYdcGPYjT7tCTa2rWkCECn0E4xcXF7/4=":{"valueMac":{"type":"Buffer","data":"/qDiY2Yjx3V2KSI0YTWpwHS7sLib+8zUvZre4/9HYFk="}},"XbsWL4B2sHJHyPg+dSpYmLrAMbbFMPp+2Krys4aOx4Q=":{"valueMac":{"type":"Buffer","data":"4QjBDGpWtusI1WeqiYQE/BkpdrKRzyM92F9qjoNlVfo="}},"/f4gaisgBsHVzEFswmyxBJl8eVobNPrFZr1LDgM4APU=":{"valueMac":{"type":"Buffer","data":"gcALMAPuKnZSnwVjidrAVJ2hAV0vqFNYSuKJXy8lAVI="}},"ypWkKYX5RLdiYtGQeA91i0fz0ECjojlqVRVR+C7B97E=":{"valueMac":{"type":"Buffer","data":"61g8p9E5NzyP+bYrTrQ/gbxY+prTwwyBpPtSZ5KMV/4="}},"pxjZIUdI0+Jj/+jNElH36efEG7CZMr2SdcS0szDTyKY=":{"valueMac":{"type":"Buffer","data":"/pATX7HhMtfdn15KEEPHxr/toVGWAZ7b6m6FB6CnhvY="}},"y5VsLZtmvIm7/CeMah3yzG1qJHpTZ7ki5DYmAE3s+7c=":{"valueMac":{"type":"Buffer","data":"iIuSlUHpPol8OjU18MxBVbK59QQNev2Khf6meqvfQeQ="}},"dEf9vZHqxZWorIcYUXrtNad8vMFDPx1ib0Qcii5Bm4U=":{"valueMac":{"type":"Buffer","data":"MoHyIe/4z+Iv1ndu4MzzC+CGq31v2sd6RqGLz5vgU3I="}},"Kx6WHBVUdaBo/uVGBMavTaBv8R8xFZhznqXR/4YkUjQ=":{"valueMac":{"type":"Buffer","data":"kQQBxGuzMyfc/29eSXEilP6slxbd+ThwwzD/aSzH4lA="}},"xPzM4sz714/Ocrvk3jWBzBScOuvQUtFplfIdCWmtjaY=":{"valueMac":{"type":"Buffer","data":"2HqpjBIpznwDjsRjg7MVyy4MDwLEmVZh+4Nt+266F3Y="}},"vCLM/VgPgby2HQCeh1AAElc0Jgf2re8F2gAPy3VXQpY=":{"valueMac":{"type":"Buffer","data":"G8E8c6naUdy7atH0zehEQS/qA8ZP7wAwGFK5lNnjXDQ="}},"2tNKMeaxrmee+AmEqTdyNTylfyxUV4U1GQeA0NvJg1k=":{"valueMac":{"type":"Buffer","data":"IFuOkRxdAIiKFpiy32iKuhg/EbL6uPiSvsG7MZ53SU8="}},"hS3S25NJBoMezJdi1CfCmlOehUMBpBOrilxZTAD+vBE=":{"valueMac":{"type":"Buffer","data":"Ax3ULBQmbQpbFjHc6VnLdnr/jWmS+bUsK+iUTljO6Ls="}},"NdvVqtxCXvKWCbjwhbMARW/SerPjg0sOYIQpJ+9/Gow=":{"valueMac":{"type":"Buffer","data":"PZ2Lte98OYMZvfNDtxcxn43hCz6McPaWCb2W6vfxfqo="}},"Xer3F0nvwH59+aYCOuprpRITszGrvdgOYh6/JIzDot4=":{"valueMac":{"type":"Buffer","data":"OwjgCqisAG4gO77m0sUETBMX3/WSjcnLZQYTFpJfvoE="}},"NcSNtlaD20MN6WELshOj2QRIASxFKeJkvgadS6596fI=":{"valueMac":{"type":"Buffer","data":"34EhcBOwDQQDI6iyPOkZNr3LVZHdFnQSVWzQNFLwVpM="}},"R97b1bubrMq62XotKvzEzXDw+e1Pz0ERYcDkT1g2Y/4=":{"valueMac":{"type":"Buffer","data":"fDOtWIcT0GJDq8G6W/XjBYicE6CtgXG7iQ3YEkD43To="}},"V8TDpTgRePwYwjtJwjCFE3eX3hA13/HdQooFqwcywOI=":{"valueMac":{"type":"Buffer","data":"CHoNMwdAmqYhq7XiPJcTJVaHsd/zBb03mFhbVBAbxWM="}},"3EE2ZGAX2HWUSlzsSUKEG2aFpb9lHoLtjmPKIDfhOTk=":{"valueMac":{"type":"Buffer","data":"GgswzzMhwKIUjwE7rwRsMbUpGAOB/248g510FkdwluY="}},"e0Pj32HIxdKyjJoqfpDO+PFYIBdMBVVtQ5+CI90mE7s=":{"valueMac":{"type":"Buffer","data":"YDqYzXQm7xjCT+ueYw9A587KwWKPnd3xfoyq6xiSUbo="}},"Z3ShaT0t+5YmmFBsIu+Ee32Sa4ZWM0m/JANNKj2vOOc=":{"valueMac":{"type":"Buffer","data":"MiG5OqaExxlboVO4rj8Vn8j2YkL0cOUoAwFJo+h5jE0="}},"WUGYWzAiDj1+KcJlIsZz2b47Ulk0SaIEqy9cBHanNR4=":{"valueMac":{"type":"Buffer","data":"DYqk043idU8i9MrIu4I/6TLiRg9YmCLh3HGEHtilSLM="}},"DXmaXLtdeK8oUS6/RxvG7bsPVsrXOjRniivGdpwpapg=":{"valueMac":{"type":"Buffer","data":"aM5S8Hl+L9B5t//4QzllQ/nlRKNEM18/5cWlrq4Stpo="}},"pVTHqlBaXgvhkFddE8YfqV6/DLhrP57zvthq1m4agDI=":{"valueMac":{"type":"Buffer","data":"LFgLzYc5+pw1ihmQnKSQoNNIivJpSs29PKmm5XCLwok="}},"R7StZrcGxhoc/qJH1SVT9lrHKm6m5zwdMgRLIDet3Do=":{"valueMac":{"type":"Buffer","data":"QcdNvnRzbq9mZovFhif02avD0Mtzbv+gBCo7j+vY904="}},"loFUBGtunXGRH2uL20NdFNdmWP3dQrQtre9WYX9Ce48=":{"valueMac":{"type":"Buffer","data":"nGwruooXQ2eHKvQibqOURWa6q3rNQ64rHOs+N10ffZE="}},"EzZ9JG3XFdx3qTdybnivCgCWyL+QMrO2mJGCwHteQis=":{"valueMac":{"type":"Buffer","data":"fC3TifkB4dDt2z1ZHKb3Y7SXCsueLUxhDuWqNMxgnJ4="}},"vN/b2KC6MTQpE991By8u0sD8OLVr56hWC4HsIrG4vVY=":{"valueMac":{"type":"Buffer","data":"YR2A/v1BBwggyBJYgzZWZXlEM9nR7UJ5cDYNNh2rvXw="}},"TzXuM85DWADbPIpBhBKg/HYjchWmOt9eiUZ5Rkl/Nxg=":{"valueMac":{"type":"Buffer","data":"K6xsUDlMI21YOBvctT/q9mFLJG6NOqIh/J+OKTeZbxc="}},"kbEUREtIzq/pM9YXsZBwENv9CCFyuCRuTrkQCGg60Dk=":{"valueMac":{"type":"Buffer","data":"ioFWTc2lP0DOr6Otly97z2pQbSFnKnXwF23hvxcpa6s="}},"jAXFsHfin796gkpf3AOzb/ErTlVsadiAMlaqrIKwf/w=":{"valueMac":{"type":"Buffer","data":"7R1PL7niLIIeeI/AX4DPESLPcURld1RTbpb77aD8yMg="}},"XFMBBPoewTTHEDKMLVMWKRXkjSU4pOAP8AkGvJ5MXew=":{"valueMac":{"type":"Buffer","data":"Cdusswx/yiW60TGAfCgZrRUN643goWIfGvYAcWWfeVc="}},"LR8xoxJmxmys6O24Md3Ipd39U0qgkk63wYglNaRn05A=":{"valueMac":{"type":"Buffer","data":"/HFtdJCAMn/2riZWvabFaJM8znDOZe1KBLKrPODtSno="}},"3wjcuToTV79CXFex5ogn42LXdU+V8YiQiAbimjGi1nw=":{"valueMac":{"type":"Buffer","data":"UWKP37wZPS50FlTAcSzzIR/duaBAQ16hzO9EBi+0iY8="}},"jwVRDHVyoiitcRcZCuxyD/bVwBCFPNOYmbZEhdxxatQ=":{"valueMac":{"type":"Buffer","data":"C6hzYZVahtAXMDpvqB2SpfTFBtPWQ4EA/yhShErpra0="}},"8WzMyhRvuc6B5T2DuckPGLP+ERMP5tiN4tnpaBzPA3M=":{"valueMac":{"type":"Buffer","data":"ryH5ukr76CX1j/ehDnyWx/G2SMyS8Nt3wqM6aO1rt1s="}},"hPH50iBYKVLwJadmxhLUlqoeFQa72cgjDbGLzctmdlA=":{"valueMac":{"type":"Buffer","data":"5HF7QCA7kJyUsnmU8CDrJFXbOexnZX0XdtbcekCe1sM="}},"8a5Y/wbOF+vf6Uo+oVuSmdeIgn0A6OQNKnHyFfxXqls=":{"valueMac":{"type":"Buffer","data":"UW2Wp2+OjVX/xeMHCYqoU9ZeumseXQx6VgWWz/4lkts="}},"ERMsc6Gkhe4qRlIxbZArQmiZSnqFlRNjdJZMzqZ5b9Q=":{"valueMac":{"type":"Buffer","data":"kQ+2pTjyB8MS6Tku6z+k5LNBmHnfNBVxvcnZ0ov1czs="}},"KAGgqzlGycOnQ+QFBwLsMQETFMScoeGasGDlSelwm2I=":{"valueMac":{"type":"Buffer","data":"p9qv5VvQ0IfJJXv+5SBjS4+1YMgDZghGZViJgAPFJ/A="}},"62EyYHlDZkgl2qb5mAHbP1glJsweQTHN4tJFyfGSeuk=":{"valueMac":{"type":"Buffer","data":"oz0m4swIOZkIIYOXB2OKvWnR+3UrwQ51vLtQ+pGp5Mc="}},"WRaqdj0P79QnqYYpkGW7czBdbCLvj1Cpbyad2NBJacM=":{"valueMac":{"type":"Buffer","data":"BmlJJS0Cir2Phx/5SScFXn9ACUQSOry91ykZpntk2no="}},"Bjw15fd4HO3RdcU5aLHhmnAK7l25vsalSoC3JmLjQbE=":{"valueMac":{"type":"Buffer","data":"GTGwK+w+cWY9NkzoBnEpDqls5K49mdcgA56Ji1sc+mI="}},"DriMUjROkefdLdKQOhQxeMCFYB1vqA+6V8DkHNgi+ew=":{"valueMac":{"type":"Buffer","data":"eGS9cR20vckfS1p4yQh/FRPuoTbl3bj9vddFUYx9Fyo="}},"Wy4UY2SL6LjMvpF6OlLoIwbMXT4FYE/p4ZA9KBpbiU4=":{"valueMac":{"type":"Buffer","data":"FHOeBa68T2BPNWm+kI1q0FNp1AYJfVPryi+zIc82Cps="}},"Ae034i0HnQIz4r+Jd2248bBQDzHSMAYO4qcTHv6Nf/s=":{"valueMac":{"type":"Buffer","data":"jwgy9KTrKpM9e7hEM6I/f3c5piWwY5wRNHlBE5Z9MZ0="}},"GwhbX/Bg2cqMDihXU/RDJcC+6Rt9K2OstrlUORmfFKU=":{"valueMac":{"type":"Buffer","data":"87q0llS5/eykn7cvZ5ZCfWpxlTjMAhIuPlJSrIAKGIo="}},"WtTXdTO2+ZfP2XkY3g1wjOup/beKHQpToDMOvHLC2Lc=":{"valueMac":{"type":"Buffer","data":"l4jsp68ICKkZge9rYczp/21aj5O8WnlVv0J2iwwXpNg="}},"lOxN2pks//FpWTDZOsAtv2/weS1bwPYXIMhjmZoPWZQ=":{"valueMac":{"type":"Buffer","data":"kVSrzSD8aWrz0fwUwmrI6FhWYsEYPptCX2TJp0pf2G4="}},"0MHqPltp2rZmUndVDgD/TpnnJCSo0si6vEHduR4vaWc=":{"valueMac":{"type":"Buffer","data":"xJJ35QL6b/MbIMdP1PXVl37SzfRaoswWEpNIKrIj6bA="}},"RxWcZMbKxQFZ6PNDYdgT4j3XSgmVqWYe7pM+TQvwxUg=":{"valueMac":{"type":"Buffer","data":"m4XNx+3pKFChbdDiGYkonFtdxbc3ixfVqn23eKk4Kqs="}},"DQMpJ1XJCmbajyYpWFS8MB4KmzIGJbbx2DvKykVaTq4=":{"valueMac":{"type":"Buffer","data":"QBtuzS6m0Bp85ZIl8N+ThTbe6lUywLQP2Nj7YmXmcQk="}},"ZvC+eDYEWQ9h/ReB5qIpquS1xgyiAiKnKiQ+dRbqeRY=":{"valueMac":{"type":"Buffer","data":"dhLV2mnbimGFXpjjzXT8VkgFUP1fyWDcz2ayvraFTPI="}},"SCW08aTZjWeMIc6MLTmn822SprMoLq+AKC8Mw6ftziQ=":{"valueMac":{"type":"Buffer","data":"pEs5s0bpCmSbnuFWaWCQzl/QjgeeLWuaesmF+luTtWw="}},"L8Xesy4pcyhuudfkcknpl87xMZIC6PTmD9wTsw2sfUQ=":{"valueMac":{"type":"Buffer","data":"ZavGAxuAwVSG//rpQS/jnYjlkGOedInmE44CNoSSXn8="}},"2PRXtXKc+4MZeQCadU3ZMu3nkSpjefdr41opsExRZQA=":{"valueMac":{"type":"Buffer","data":"Zkt/6vmckr99MkOOFYOtRbaIpQ0z5G2isw0cscj+UnQ="}},"ccUurTQQuKCLRVHnnyR66ao6mYiip8GqgZfgmwKN88Q=":{"valueMac":{"type":"Buffer","data":"T4qOifoypoa1hkWioxKNnl1MLKytYU8iSfsOr2kYKIA="}},"Ifm4N/e1rO78gJtP5oULeWH06ynWRhSzTtJWDSQrXBs=":{"valueMac":{"type":"Buffer","data":"uD9cDaZ52u6w4/OZoKY4IgF3jc/oGqxohzL6e2YNpjM="}},"KGYUuuMB1NJBl/C9b/2Wa1co1bj02xfv1S2B129wOvA=":{"valueMac":{"type":"Buffer","data":"MrFZL5kOXMsUZoxCiNssMeffBkmKSpz6gOORLC7vwXc="}},"w2h2TXbxRje/8Fg4izDat9LVqM9cc8WmSdhFm9LL6m4=":{"valueMac":{"type":"Buffer","data":"kgKCAAmmKGFmapDZO3MLWQRLC82FUOATQURfcSEm84M="}},"4fJhg4owOiYYAyqTMUPzuNwEMNrOiRNSnI6SvwFmAXo=":{"valueMac":{"type":"Buffer","data":"6saeYtNlf7eTVbNqrvq8wRUHuIHkJ2712Pu53WXgvso="}},"j6KiYr6AbeT6A454mt0dxsWkPRmCUR5JaMe8r+ertKs=":{"valueMac":{"type":"Buffer","data":"+5CFcDMJ3Mw9tGigEKypWotUlhzaouP4Z8LnJ04Enbo="}},"VzQqPOpH0Zzqwmvucht742azoSLwYarHHKZ83ry1ty0=":{"valueMac":{"type":"Buffer","data":"QjbQukFzs51fozILdVVhrgYxQgVslg0qZrE402gVsvE="}},"yaGvh3K7sQ96UB/0bBWTWaIHTsdY5XMNtFV+UrVLF24=":{"valueMac":{"type":"Buffer","data":"qy1hkUQDEeRMAg/crVZylAND73SJ9bwnKrLyxezs2qk="}},"qslABVfDPiyjOfZo3769QZx9Q0P/XnvQCl5i1jeYBPo=":{"valueMac":{"type":"Buffer","data":"0IUlX8CngnVVQExtorPGU7R4j7+BTmSKaUIvmYb9oWg="}},"nMQpsueXq8KSZSfQAqYB0d76mGYiltwE0RwpLNlRfpM=":{"valueMac":{"type":"Buffer","data":"9LsxvDywabo0CsX2Oa7aVkKpDkDgJtITVlFViF0zI4E="}},"mFxvdSUC1a+47Gn1t2Og3cgImGvYVYiEBnsi0aOSYU4=":{"valueMac":{"type":"Buffer","data":"/VOUjDoviN4reu7XgZzI0w4OcT+9ahliguHhAcLwSzw="}},"EBRERuiDzib5FBIr8MvV1oGoIv7K6erwuCJmdBaFpWY=":{"valueMac":{"type":"Buffer","data":"i+DFrhMa/gCO4od3NyYrXYOxoerMs3pLlKdIgoDJOo4="}},"rE0iYrQO2DSyWvJwVYBK31R7W00IRTEF7dj3lvG8zBU=":{"valueMac":{"type":"Buffer","data":"bMq/lqUOw4hJTK9+i/zMg/uidJxHkUMliotY4aUHMkM="}},"zT/GxFH0thUFgelr+uEC6+AoojGQ0jzNHMGd9Gcug2g=":{"valueMac":{"type":"Buffer","data":"xC6zp8wpIxKoXssH/xP31cv5YbpWLGpwDGbuxHJSpXk="}},"SpcCUJCW8l8bP/72nPyWGvQm5pFiSAoY05/JZWeY39E=":{"valueMac":{"type":"Buffer","data":"PejzvF2pAV7UB91KS38QpDimCPaD/dO4gM7sepUKQn4="}},"iob7jlzNbFRBP/clEzMWKojSnlMTqpiyKnIi4cf3sB8=":{"valueMac":{"type":"Buffer","data":"vArZMkMaHzGlbAhLQPx4RMbtOkabPIT/cIDP7uHQLyA="}},"SxcH2m9D5J3D/SpHY7oiYNcLuy26x4jHusG0UApLi9I=":{"valueMac":{"type":"Buffer","data":"/Tx8GmmHa+6TLk0/kwUmckjfn4AI2LPgRfoEX+WszlA="}},"uDLjSZFWWX5D+QxYLRBOqe88ckZIuw2KsjgiV8nSpY4=":{"valueMac":{"type":"Buffer","data":"eGZs705aB0VGHvi9+IYBEei6QWH9m5/ACqgLwnC9tHE="}},"jBAwqHED95g9im//JGVE15w+fl3ZdP9A/0u8IVSBnvY=":{"valueMac":{"type":"Buffer","data":"icov+JDD/W80egE3NiEzrm9FtTc6N1BSzYXv0W572k8="}},"XtMOSu8mEjL6nMyXGRP2CxmWwhMClLYyaBEhoKQ/npo=":{"valueMac":{"type":"Buffer","data":"z+NJB5LZyALaAajhWon4CT8kH1Bk6u0Zs3Mu7tTn6GQ="}},"WOtMHZIuRBPoWrnAFEoQHqT9oqZlWuk1K/5sPEAHz+U=":{"valueMac":{"type":"Buffer","data":"vKufO3ibXJWslPQg7Sta/t8S+x3XCpbVFuPhCP/VqMc="}},"55HlGTjZmiTVXgnEH0i1VuLZUHzexsL7rLzt3ySi4CY=":{"valueMac":{"type":"Buffer","data":"h1XnO1UUxmMyTwJy673ZqZ4qgxEkJqjc/04iDg4mKzA="}},"UETStUdan7E1WQSgiyvOqgOnbRhpPs28v3LohArlBzE=":{"valueMac":{"type":"Buffer","data":"p/gi2iEiw+McD0enQDSEzr0A4hhm5oEjb5EczaWbnIE="}},"y24HEE/jMz1wq3JeYg2JvXKFCTCM2Audt+sU1T0mPDc=":{"valueMac":{"type":"Buffer","data":"PIUCEILyQzFG4BSnetNvrUc9jwdH4EJ7tp2TZQFvrf4="}},"wlqkePMNnvpLdU6GzdcmlQ3B1xLBq5V75IzSl1L/LB4=":{"valueMac":{"type":"Buffer","data":"uhyOGYrOOMC18hVUYlEJbvhDmNglvLglGMW5auCQaug="}},"bQ4GZh0C3fHGSLxYiNn3mlpF8z3dBHlbjz4v1azSgco=":{"valueMac":{"type":"Buffer","data":"UB8aF0dZYiyMsbIYjUQI1EL7dJaMfZKtW627p1sKDcM="}},"3v97Y0R+Gl1AQpFafbY1Rsd+t0IKEPIcRdVi0AnJfCQ=":{"valueMac":{"type":"Buffer","data":"iDy5FTzJuguiqgkCQEme/HC6EniIRxfg0LcAEIFqEcY="}},"f4U1f9ZfSSDX2TX8BEh3SUl7kJGkhMkkU51sYQiqFj8=":{"valueMac":{"type":"Buffer","data":"Zdp9aSZfDT/7SfERUymTjHaRs/7c/S9h4riiNsXoSEw="}},"A71l8JYpFVZAbY24pJNr9HuGQXrBjggyO+k7A+A0p3k=":{"valueMac":{"type":"Buffer","data":"fOvzfseqKIc7sZRt5jE0s7bT6QeglELP09eiDzqmcdQ="}},"4EpGmv9w7MyM6L0Gq9lBclxQwTqnZ1h7u1GIL5qU3qo=":{"valueMac":{"type":"Buffer","data":"fF9L21jSxEc11mziv3AcZdx9Ap3T26kc/hEZGdpD248="}},"iYQQ1KsWcvfpL3KIp9MiGKe35Rg0R2y8RsfA9zYTcV4=":{"valueMac":{"type":"Buffer","data":"cjy/ipHxwsGLUZ9OtnWzkHzhJoDl1+ZtiDIW2Bn2OfI="}},"DTwTvAf5OcAV2RqR4RcfQUnNM138OnLe8OWUp6g/8kg=":{"valueMac":{"type":"Buffer","data":"oW6Vcvkv93mh4FL9n3/ZzKW1WUZnlXL1QhLiNA3RXMc="}},"wHn78eENyDhi1V7adR978J+OzCCtVvk+aGmsZjci3/A=":{"valueMac":{"type":"Buffer","data":"KUox1HDd5G915gO1Plt0E16F9FqRyEfGzLVmBCLFE94="}},"tdKnIEV2eeu+U3jrIjSuVMPHl6UPDZ2Ii/0uv8Emyo8=":{"valueMac":{"type":"Buffer","data":"n8xVmGLjPB3NHschPhzzN3tpP4cMal4WA48jGqIzWcI="}},"sD4GOE6/3fTviMYDEvbJ36xJ9gAgvYijWsi3fbMZlUA=":{"valueMac":{"type":"Buffer","data":"l8rxBN1BN8mtcHdmWMRVf/Y+sPzJC9z/gpbUL9EArY8="}},"MRNXelyQz31nH2TcMK7lWuDOLuVOm3o31tRa3JOc0bM=":{"valueMac":{"type":"Buffer","data":"bF8AzacnVVfE1p9iDsnU3DDiOVibYmRB2yora3QorgA="}},"vSwS7jId/YeJiKOm60Ivn9MDQ/X3w5bmGNwlSngMPNE=":{"valueMac":{"type":"Buffer","data":"6eVoNAXVLsLKm//sN8MNH4H+73NNGVFmUYtpskPpK1k="}},"iAZFKS8OBGq2nFgnevTyfsqf+9y7+yqdH1f7YPg/fiM=":{"valueMac":{"type":"Buffer","data":"uUdF/gE6iuhhOzPSvr4g24+4HwZKAjPwHbXB7l0ZzjA="}},"ys0UYnERYzKA1qz5+VyzFnMo4a2gkyfK+whWwKJWblk=":{"valueMac":{"type":"Buffer","data":"FkHyjzhNQquqyOnnQaChRedV1/P3CyM6L8U2xgUg9rE="}},"zITASFyj0n9ZvCBlCK2ADngeih3UfCXmnIswHXz8Wv4=":{"valueMac":{"type":"Buffer","data":"oZhMKKDXKImUDV1eJzwMVkvwLWVd4K/9r0rCToKLYGk="}},"71WWQtLtRy0bJFWr7fgHxk5pC50slztkVa4B03exK4Q=":{"valueMac":{"type":"Buffer","data":"c09iHlJDKPIjF8bw55iy3mOB+uc7nVtRB8MHiZitiX0="}},"zUXIflSPqBxtH3CWKdIMKJ0PPYXrze/NZIhtyXdVIoE=":{"valueMac":{"type":"Buffer","data":"5wx7CbPDv0CysYA48dfDXQqu+YnPlHrf9vWy+PohwVE="}},"wCYMeXOtehJUMw1GVYr5vb8DRrdrm8d1Vm3TyDtyMc0=":{"valueMac":{"type":"Buffer","data":"m9VFsG7S3PgFdZvkMBNCo+rS4ZHuIZBoYEmnM4ZnSnM="}},"/dqoJpGR7vBXdNLny3Yd9RXokVDxYlK6/oVFEnP87CY=":{"valueMac":{"type":"Buffer","data":"asGC124kc6P9+nFIeDzp/yOyd0YdzTLdMf6mB/TvBbc="}},"prlMZcXaC9hkcPLwGWyqpjOFMGFqo8blLlItN8LUKeI=":{"valueMac":{"type":"Buffer","data":"z+Ai+aB7C+U6p5ONacskIYrNtJrQCX9WNUp8bfHyynE="}},"ulPtqBoi5iy0rfyFtBBzz83gkWJow3BmRdO+WEpjj0Q=":{"valueMac":{"type":"Buffer","data":"rPS43UwsTomLyp88Ys1gLwXtSM+V7s0W3H85DsBqn7Y="}},"CclG8O0Um/M92gBoeiHJMQJLgZUYcr73UdjxSfs+YiM=":{"valueMac":{"type":"Buffer","data":"huowk6jn/X6kzRFFFBmQlAVwDAPAyUYRO4+VfTMAfPs="}},"sF1dhVlIhO9QjoQeO2iENYmrJRjoFRe710VQHfslQLw=":{"valueMac":{"type":"Buffer","data":"nuVA6hOzugck+tNhnvgq7iGAsEUKFiC7YOY34/jkRcc="}},"Wh5iZt4nz+VraEiyC5krpijR8VfwOhoc3X7jR5iSrkg=":{"valueMac":{"type":"Buffer","data":"wXX3TB0IfIj0zjSWjq/qEkuvXnGHd3oyuHgRyBw4Vk0="}},"fZG9yN9MAbAUBgVt57rBI1fx4BoqLZ6r1aaVWjpudlU=":{"valueMac":{"type":"Buffer","data":"H+EinIUvbJXF/cPozBKWGWV6fWVDcbPDOg15H01tsYs="}},"V0ajmDCTpnOs6+c44OTLyyZWYeoZCTz/xD0PUDjBDS0=":{"valueMac":{"type":"Buffer","data":"eOqKtH7uTwRoE8rWtcpmw0V+jzhCA5Qi4e1IfE01bBk="}},"3cwmIcawtRBeabsZwZ/D2L8OPnTyOJ62UW2HiQSGXjE=":{"valueMac":{"type":"Buffer","data":"g3wxFN+yEjK7q4MpERQATdVhwL5E1FxLjqfigjEQSTk="}}}}