{"noiseKey":{"private":{"type":"Buffer","data":"6ELzOIPwds1thZVL+NMPtHVs7wbWAX6j1dB53LjPukE="},"public":{"type":"Buffer","data":"vrKkOlp/G9DhHTh7V6mdD1J+V5mhTe0b08HYqMlJfk0="}},"pairingEphemeralKeyPair":{"private":{"type":"Buffer","data":"kPQN6FQj4a1y2HS+VVHp/MGcmjhnw2eIbx/Mf32Tr3A="},"public":{"type":"Buffer","data":"tVSfy6J1Ne4b4qemxGruExR0EnaG4pRgZIX2Lo6snRs="}},"signedIdentityKey":{"private":{"type":"Buffer","data":"+BstTRqoAGtJiB5cuMQzjzTTeclC7ZriRiRQQJXENmQ="},"public":{"type":"Buffer","data":"7u5OzRa8EOJbr61Z7fkhiE1wM+O3VETVQYPKNhHmtl4="}},"signedPreKey":{"keyPair":{"private":{"type":"Buffer","data":"qFT9c7nmK7rQs3ucGjA6OrAPdZlPs4v/LJ01lHQEvkM="},"public":{"type":"Buffer","data":"JFNFtZvJ4yPoRdxEjQOqs24dNwucCGWgxQtQwsWrJTE="}},"signature":{"type":"Buffer","data":"wfPvbyYTMht/AJPuE+WWhTpbxmQrLfTNTA36LEjPAtTI16eyhS+GmyPVje7pRTGXxBPdM0FjVLF77642NvEtBg=="},"keyId":1},"registrationId":153,"advSecretKey":"qQSmHjL64K/Hw5sGeXKBx6lYls5IHNsHExWAKfGunEA=","processedHistoryMessages":[{"key":{"remoteJid":"6282258516773@s.whatsapp.net","fromMe":true,"id":"B9A20D38A5D690FBF04BB7CEE2234437"},"messageTimestamp":1729004303},{"key":{"remoteJid":"6282258516773@s.whatsapp.net","fromMe":true,"id":"D915E4521A647B5C8B3886CDDE7612FD"},"messageTimestamp":1729004307},{"key":{"remoteJid":"6282258516773@s.whatsapp.net","fromMe":true,"id":"133564A93B1701F0A2CEFB674A4D9255"},"messageTimestamp":1729004319},{"key":{"remoteJid":"6282258516773@s.whatsapp.net","fromMe":true,"id":"9B75F020B962CDDE78F86CD90C2FC221"},"messageTimestamp":1729004324},{"key":{"remoteJid":"6282258516773@s.whatsapp.net","fromMe":true,"id":"3EF427E8600466E4FF835B2F675DAC45"},"messageTimestamp":1729004333}],"nextPreKeyId":31,"firstUnuploadedPreKeyId":31,"accountSyncCounter":1,"accountSettings":{"unarchiveChats":false},"deviceId":"R6M3i8jgSBm757-dd9r9Ug","phoneId":"6905b582-81d8-4d04-8d22-8f02a6d5adc5","identityId":{"type":"Buffer","data":"Tu2ichsCUNpdK9hT4Q8UhO/1gjs="},"registered":true,"backupToken":{"type":"Buffer","data":"wTuCbTZV4Wv695/RUzaCnhJ+8Cw="},"registration":{},"pairingCode":"9LNSXCXY","me":{"id":"6282258516773:1@s.whatsapp.net","name":"yamada bot","lid":"210398133411847:1@lid"},"account":{"details":"COS74c0BEIiGurgGGAEgACgA","accountSignatureKey":"6Qw+XlGycAWQNLEEtCmf1TF+Bo+S+Zpb01Hqezpfr3A=","accountSignature":"Qqvu/L+Obu7bGT/iziOEiybMwnVDz/IW6PHOXCKSWOyMQ1TSqu3J+morjeL+aBpZuoGXUKDgOOTevvX8WTyDBA==","deviceSignature":"hsKGmean0PIh7fQ6N7sxXw+5e8VCODrFgWp5jH0FVKZlraaWAoeDn0/Se1NO435OgLRIzOW5xnN/Nt8rcrqMCw=="},"signalIdentities":[{"identifier":{"name":"6282258516773:1@s.whatsapp.net","deviceId":0},"identifierKey":{"type":"Buffer","data":"BekMPl5RsnAFkDSxBLQpn9UxfgaPkvmaW9NR6ns6X69w"}}],"platform":"smba","routingInfo":{"type":"Buffer","data":"CAgIDQ=="},"lastAccountSyncTimestamp":1729004749,"myAppStateKeyId":"AAAAANhZ","lastPropHash":"28ZRla"}