[{"senderKeyId":1355138888,"senderChainKey":{"iteration":23,"seed":"I0+JIiZ657T05JbkjQg2QTp8n9kvAXlcSF4cQw96fq4="},"senderSigningKey":{"public":"Bd5ZZ3yAUpmG10e+qUziSC63tQyM7jmIfUK31JJPCZ40","private":"GAHXIdX3IQz0jB0R5JF7G4xUdpqnTeCHUEF6pHtID3Y="},"senderMessageKeys":[{"iteration":1,"seed":"4yLpSTfuyENzl++2y+BwtTD3MNEi4Dll5/5/ZGhvbLk="},{"iteration":3,"seed":"jfi07uxMdiOdMUq6lcQAH+kNwUhnAdsK0Fe5KSWk3+s="},{"iteration":5,"seed":"Z6bufMvd/NoShD5NIkCn5tJqi4Yiwwj1HhxVlSy+rjI="},{"iteration":7,"seed":"PdB4mZTpjZ2LdRP3APK1/B5Ph4CxiIWkDRz5EoEBIgs="},{"iteration":9,"seed":"8n6muVt0g9xTgLsjecBkb2gwcVVl06L2ERx0KtD3/Fc="},{"iteration":11,"seed":"gHSgrQ/IAbJVbgmjGUfVs7ioUnJf7vQ/a5niudqa2WE="},{"iteration":13,"seed":"L3EPO2q2O9aKe67twwR1UeYkNS/F2dyelCCj48eq/rs="},{},{},{},{}]}]