[{"senderKeyId":1628749771,"senderChainKey":{"iteration":846,"seed":"vBTowbuhyfDlXk8VUgLr5fh9s2LICp+s42p+nb6Re+A="},"senderSigningKey":{"public":"BT8myaeaDJw9jVzM9ikgnCDsYJvqMKR+frIPkgPOLqgm"},"senderMessageKeys":[]},{"senderKeyId":1628749771,"senderChainKey":{"iteration":549,"seed":"5Nj4KM8Q35/8TUxMYBbKErfHem7xM4O31tlyhaf+T7E="},"senderSigningKey":{"public":"BT8myaeaDJw9jVzM9ikgnCDsYJvqMKR+frIPkgPOLqgm"},"senderMessageKeys":[]},{"senderKeyId":284791512,"senderChainKey":{"iteration":20,"seed":"2gRqz/X7jsXJ6xAZYjKPUS/lSpKN+ewDOAAsgThC8cE="},"senderSigningKey":{"public":"Bb3WN2KoEMzraUPclnMWpL2TU/vTGnVSmRE7IlmkR9MH"}}]