{"_sessions":{"BdzYO3Kd9h2OQzhINe4f1jJxodm4LkSzvHjqn8T+MZdC":{"registrationId":1269585872,"currentRatchet":{"ephemeralKeyPair":{"pubKey":"BWTBENiVaR2Dpm41PIJxw8TaCdvytoelnE/8QO0yGNhf","privKey":"MMwG5UJjLmb5SygBA/xfAma0QW/K0m+Wz+J1BLO7VkE="},"lastRemoteEphemeralKey":"BR8nNBgU/ZGYDjuZqYFqZcip27Co4/SzFs/+wHK/QjMe","previousCounter":0,"rootKey":"8FQjhSmWZSkLaUQWUWxthTLelh6wvSsM+5tNYO8vG58="},"indexInfo":{"baseKey":"BdzYO3Kd9h2OQzhINe4f1jJxodm4LkSzvHjqn8T+MZdC","baseKeyType":1,"closed":-1,"used":1729004967803,"created":1729004967803,"remoteIdentityKey":"BXx3J1wj1pe0AXpIduIcdfkUYDzCZ5a0XWNGECu048Rb"},"_chains":{"BWTBENiVaR2Dpm41PIJxw8TaCdvytoelnE/8QO0yGNhf":{"chainKey":{"counter":0,"key":"TICfYWnmqVmWmeBj6Tttw1XW/GU8nAAg/UvqXQFU458="},"chainType":1,"messageKeys":{}}},"pendingPreKey":{"signedKeyId":13,"baseKey":"BdzYO3Kd9h2OQzhINe4f1jJxodm4LkSzvHjqn8T+MZdC","preKeyId":3536322}}},"version":"v1"}