{"_sessions":{"BX7fAwYjp8EAU82p/kULnbnoBB2j0V7reFCIaTwz+Odd":{"registrationId":1991074295,"currentRatchet":{"ephemeralKeyPair":{"pubKey":"BRWcku4xHJlLun+sIWkYCcxcuHLGv1/FhsPJogw6v4F9","privKey":"2AqOhpgT3tXrucHY8yfkWguqBdviMZiKSCe3jVo4Xl8="},"lastRemoteEphemeralKey":"Bf7bntzachhFEYAOA97AqhkMAOQMFLF7LBL6pHXmvjF5","previousCounter":0,"rootKey":"ehmeI9yS9hfmyie3Mj5FcrTrYwmLSBNnIXFoyyg+MDc="},"indexInfo":{"baseKey":"BX7fAwYjp8EAU82p/kULnbnoBB2j0V7reFCIaTwz+Odd","baseKeyType":1,"closed":-1,"used":1729065247385,"created":1729005315710,"remoteIdentityKey":"BbHIfTa2mttsRwQW48w8aNLQ0N0KA0+RP2oxCsH6HjFT"},"_chains":{"Bf7bntzachhFEYAOA97AqhkMAOQMFLF7LBL6pHXmvjF5":{"chainKey":{"counter":0,"key":"n3QrJXgaeApmHRkmtgVV4+x1NPvFSf6sRL+AQ8NIN2M="},"chainType":2,"messageKeys":{}},"BRWcku4xHJlLun+sIWkYCcxcuHLGv1/FhsPJogw6v4F9":{"chainKey":{"counter":-1,"key":"xGG6zz9KK/rL9RgCPqk3fuZR70ou3VlrXwaYJ2Gcrh0="},"chainType":1,"messageKeys":{}}}}},"version":"v1"}