{"_sessions":{"BaZQpPOk76s5J3niiLQBcEscA6K4VGiWVCaOgRRbeI5Y":{"registrationId":1492626099,"currentRatchet":{"ephemeralKeyPair":{"pubKey":"BVo1u4ExEuDJbwTC0YQlNnptPGUk0svrpk9eVXtKuxly","privKey":"2LaqZi3Sx5GHOQZQJkcrpj47EwEYDBRAmvSvvR7u910="},"lastRemoteEphemeralKey":"BTvxfepfR5rTzSpo+e+FpjIVfmOTaIufrS50fkt2diQU","previousCounter":0,"rootKey":"JE6pI73X2NbwWwDqabmzWTvayPpXisVvy7pzXaalKSA="},"indexInfo":{"baseKey":"BaZQpPOk76s5J3niiLQBcEscA6K4VGiWVCaOgRRbeI5Y","baseKeyType":1,"closed":-1,"used":1729004967739,"created":1729004967739,"remoteIdentityKey":"BdcQKZiXY8pbeDOh1Ss1dzFAMNUqyOOuoXp8FEfmLudt"},"_chains":{"BVo1u4ExEuDJbwTC0YQlNnptPGUk0svrpk9eVXtKuxly":{"chainKey":{"counter":0,"key":"qGObt56/TpjuHoK/RKRLZ0RRIlvUc50yRcbCCxwuIvs="},"chainType":1,"messageKeys":{}}},"pendingPreKey":{"signedKeyId":3,"baseKey":"BaZQpPOk76s5J3niiLQBcEscA6K4VGiWVCaOgRRbeI5Y"}}},"version":"v1"}