{"_sessions":{"Ba4J1pz3q8A58+i+LTmNlrosbPK+TSI+KJjkcjUigkJB":{"registrationId":1606500706,"currentRatchet":{"ephemeralKeyPair":{"pubKey":"BU8aEW/jsRuKZy1RFBM4fLxEJzkS0WNn/6uZa9Mjw7oA","privKey":"QOHKaagzwdoaaXp3Id6vqMrp1MhXV0+tQAb59nCr33Q="},"lastRemoteEphemeralKey":"BVIolmHsnWIfevWpDu7hliypI7/7ZxnhHOjN8Waa9KIt","previousCounter":0,"rootKey":"CTucm2FsA3T4Izm/8DlV3P+fIqwzXzJqCBEoccZf4ig="},"indexInfo":{"baseKey":"Ba4J1pz3q8A58+i+LTmNlrosbPK+TSI+KJjkcjUigkJB","baseKeyType":2,"closed":-1,"used":1729065262259,"created":1729065262259,"remoteIdentityKey":"BRHElsYqircYSaTtApGqoo2x2fABCEeOCN6NxxXIOkVg"},"_chains":{"BVIolmHsnWIfevWpDu7hliypI7/7ZxnhHOjN8Waa9KIt":{"chainKey":{"counter":0,"key":"e78pTb+GVp0UVXCO3vUGxj031M46QrxTbXtLFJQdUvQ="},"chainType":2,"messageKeys":{}},"BU8aEW/jsRuKZy1RFBM4fLxEJzkS0WNn/6uZa9Mjw7oA":{"chainKey":{"counter":-1,"key":"tBJ36ccqUnXDHQ0E6pwFR0PhT5LRvK6KtLoT1Pix/88="},"chainType":1,"messageKeys":{}}}}},"version":"v1"}