{"_sessions":{"BeGhRvLr+hMuFyDsIScb0SvuyIqokCpx0D5mgOBDaas+":{"registrationId":1820313213,"currentRatchet":{"ephemeralKeyPair":{"pubKey":"BQ6t2A4qZ18NRUNodRD8gc+0tWoG9ZBSGKYmvKadek0c","privKey":"WCRPjfM4z2SvPGLFHRVdHEKA9aemxDversqPJ24OT2Q="},"lastRemoteEphemeralKey":"Be9rV2e5cPxCI+R667K3VytpiN5c6xA6uDTYMugxQj9a","previousCounter":0,"rootKey":"JrfP4o8Ie5XIlX8NWaVTDVVpvfjDrQw3yeyF3apuIoQ="},"indexInfo":{"baseKey":"BeGhRvLr+hMuFyDsIScb0SvuyIqokCpx0D5mgOBDaas+","baseKeyType":1,"closed":-1,"used":1729004967732,"created":1729004967732,"remoteIdentityKey":"BUa9YMe2EjZQQ6zUkZduoR2gLsKioVejAWiSeZZYLnVO"},"_chains":{"BQ6t2A4qZ18NRUNodRD8gc+0tWoG9ZBSGKYmvKadek0c":{"chainKey":{"counter":0,"key":"hoFLWK75DfY8tLC+9dbHwNKbHvgNu4XlVZk0S1+It0M="},"chainType":1,"messageKeys":{}}},"pendingPreKey":{"signedKeyId":1,"baseKey":"BeGhRvLr+hMuFyDsIScb0SvuyIqokCpx0D5mgOBDaas+","preKeyId":11182224}}},"version":"v1"}