{"_sessions":{"BRu2AKF6ffUCdieSXqQtZEHsR14MLwPK3D/g4G/e7Z5w":{"registrationId":815332405,"currentRatchet":{"ephemeralKeyPair":{"pubKey":"BYovxduSPqbovvD5w2prugv+IBKPgK5r/+QURSMRw9Vr","privKey":"mLeHH9mIFf8iggDaodP/UZV9qrtnAnt8OI51ftusn1E="},"lastRemoteEphemeralKey":"BWrhUK0wfMajjlDoHsJSkxlKxDadfMHPCEqFsXHI5x0X","previousCounter":0,"rootKey":"fQkCYRVkEPCvqaN/NH7w4i7eNPURI7Vw3g+sWEeZjw8="},"indexInfo":{"baseKey":"BRu2AKF6ffUCdieSXqQtZEHsR14MLwPK3D/g4G/e7Z5w","baseKeyType":1,"closed":-1,"used":1729004967832,"created":1729004967832,"remoteIdentityKey":"BZkvvZvvrhcBx+lZL4rxe65FN266LFU3TjTwvY4FCIUD"},"_chains":{"BYovxduSPqbovvD5w2prugv+IBKPgK5r/+QURSMRw9Vr":{"chainKey":{"counter":0,"key":"p2Z2Bb1fElSS3Il0AWGEQ9z55QnC/FmguEtDksTUR+g="},"chainType":1,"messageKeys":{}}},"pendingPreKey":{"signedKeyId":3,"baseKey":"BRu2AKF6ffUCdieSXqQtZEHsR14MLwPK3D/g4G/e7Z5w","preKeyId":15769045}}},"version":"v1"}