{"_sessions":{"BX6pTYIEYvic83KuZ6iqGhEqJBvUwtQ7yVzpeFg+CDxz":{"registrationId":803149069,"currentRatchet":{"ephemeralKeyPair":{"pubKey":"BTUOe/CUAYQNItVDJ85y3TL/VRsZqIqP6lTPJY7Cs60G","privKey":"CD8BAXjKp7OzC/6AMA5wxKpLCzgqeDwAZVRdFAWxa38="},"lastRemoteEphemeralKey":"BZEr3EGTr5hNVckTsiaR5+hDku8z4mUqhrqDLyx3FOxE","previousCounter":0,"rootKey":"fXdg4zeJzLVfsp3KscSytoASK7wjMUo05r3rkaJBzck="},"indexInfo":{"baseKey":"BX6pTYIEYvic83KuZ6iqGhEqJBvUwtQ7yVzpeFg+CDxz","baseKeyType":1,"closed":-1,"used":1729004967765,"created":1729004967765,"remoteIdentityKey":"BX2sClokC/Wy2u5TLC+NTmUQgRsqvAiqivDesONxciZL"},"_chains":{"BTUOe/CUAYQNItVDJ85y3TL/VRsZqIqP6lTPJY7Cs60G":{"chainKey":{"counter":0,"key":"srsunKzQSSfTBjSl+OAEb7mSj92ComJYbu//vWgBCWo="},"chainType":1,"messageKeys":{}}},"pendingPreKey":{"signedKeyId":2,"baseKey":"BX6pTYIEYvic83KuZ6iqGhEqJBvUwtQ7yVzpeFg+CDxz","preKeyId":10761910}}},"version":"v1"}