{"_sessions":{"BQWPkflf8KlDt8OVC6XwRt7EoyNAa0SfHZIYWSpljzpN":{"registrationId":1345634096,"currentRatchet":{"ephemeralKeyPair":{"pubKey":"BW+NhCcCY/IRSD6hEsUUGyOLgq/qaLnrxXXkvcuSYVRV","privKey":"sAmNTkauIX5kzRsol4w5CUdNScaUUggjZxkH2ppCHWI="},"lastRemoteEphemeralKey":"BW+4J+srYcWhYN7+ka/8zIQkRqxO8TbTAlqKSfC9gSJp","previousCounter":0,"rootKey":"455cVRqJcQyq+K3htKhZVnNddpNo+M0zhxYk2feiC90="},"indexInfo":{"baseKey":"BQWPkflf8KlDt8OVC6XwRt7EoyNAa0SfHZIYWSpljzpN","baseKeyType":1,"closed":-1,"used":1729004967821,"created":1729004967821,"remoteIdentityKey":"BWhX6a0PfZismKg6+dAImyfcXdGxszeltJv5QWiSLMwz"},"_chains":{"BW+NhCcCY/IRSD6hEsUUGyOLgq/qaLnrxXXkvcuSYVRV":{"chainKey":{"counter":0,"key":"10u4l+IogPnWwpenn3dvobyIgwSgYTWpG/9Wy5b4MbY="},"chainType":1,"messageKeys":{}}},"pendingPreKey":{"signedKeyId":52,"baseKey":"BQWPkflf8KlDt8OVC6XwRt7EoyNAa0SfHZIYWSpljzpN","preKeyId":14981347}}},"version":"v1"}