{"_sessions":{"BYc6efH3ioFpLZYoNo+QG6bB5/3DACCpVKTkWPFENo43":{"registrationId":2144804730,"currentRatchet":{"ephemeralKeyPair":{"pubKey":"BTBLyRyyrpYs890Xwh+tKwmmd/CJIYidWpANa0wmGc12","privKey":"2DbJSR7BW7MihFT1O+Vkwyu1wATtfrjDCCnE4/9I30A="},"lastRemoteEphemeralKey":"BR93zg19FNkcEq813/Zb691Ruq5y5VYdq9K8YTvV8rwq","previousCounter":0,"rootKey":"jnCxhJTnyIE2gY4YYLAS4DZRjXIA0kOGcH7M/W7E0r4="},"indexInfo":{"baseKey":"BYc6efH3ioFpLZYoNo+QG6bB5/3DACCpVKTkWPFENo43","baseKeyType":1,"closed":-1,"used":1729004967753,"created":1729004967753,"remoteIdentityKey":"BXdEEB7zSbJkJFIccDFckfrstM708vHNB6Qqg6ziXpsh"},"_chains":{"BTBLyRyyrpYs890Xwh+tKwmmd/CJIYidWpANa0wmGc12":{"chainKey":{"counter":0,"key":"0vlTyg91D98PlNfcJ2oz+sopN6OL/iuSW0+5kDI+lxw="},"chainType":1,"messageKeys":{}}},"pendingPreKey":{"signedKeyId":3,"baseKey":"BYc6efH3ioFpLZYoNo+QG6bB5/3DACCpVKTkWPFENo43","preKeyId":15890304}}},"version":"v1"}