{"_sessions":{"BYLLBddTr59KRDyXT/iXEld2lNULqVZ4His37QS8YFIx":{"registrationId":349965971,"currentRatchet":{"ephemeralKeyPair":{"pubKey":"BdRHL05EH5ouXCeQjjraKiQgOe1zKBR7kD9Z3l1d9c52","privKey":"MO2tB3E7HgYqJ+MEhVxLDZq0IBdJn/dBr1yiEEw6DEc="},"lastRemoteEphemeralKey":"Bel2szetGheSzGgizMk/7YYIU1VYupkDhI7bDU0ajTcT","previousCounter":0,"rootKey":"oV9rOsIXwDFjBsZLCTahS+iZtuMpCJN93M6Tav57ioY="},"indexInfo":{"baseKey":"BYLLBddTr59KRDyXT/iXEld2lNULqVZ4His37QS8YFIx","baseKeyType":1,"closed":-1,"used":1729004967837,"created":1729004967837,"remoteIdentityKey":"BXO7l/XYIQkfKu+KHMvyN/MsfE2WycboqPvEuuow0vF+"},"_chains":{"BdRHL05EH5ouXCeQjjraKiQgOe1zKBR7kD9Z3l1d9c52":{"chainKey":{"counter":0,"key":"K3i75jQ44VCceG3+6vqpUtEZIn7TmKGcvh3GzPdWXOY="},"chainType":1,"messageKeys":{}}},"pendingPreKey":{"signedKeyId":0,"baseKey":"BYLLBddTr59KRDyXT/iXEld2lNULqVZ4His37QS8YFIx","preKeyId":7657842}}},"version":"v1"}