{"_sessions":{"BcyNKjc0vq48TOHSH35KBbIWLu9Av1CmaxnqxZ4YAioJ":{"registrationId":294047236,"currentRatchet":{"ephemeralKeyPair":{"pubKey":"BeuLZpbvZ2S3Mhw+RiTirM5CqRopbxD81vXM5jAz3UIm","privKey":"SMg+StsdiveX49lQ3GeGUfKgflI3qUi+o74rldreVHQ="},"lastRemoteEphemeralKey":"BakM1+umxOV1j5noovjrHe1LUIdrwVHWt1eWdAudaCNU","previousCounter":0,"rootKey":"r+DxWwwvUn1NsiladXTxnoBeR0+IYIuZd3VeELBxXA0="},"indexInfo":{"baseKey":"BcyNKjc0vq48TOHSH35KBbIWLu9Av1CmaxnqxZ4YAioJ","baseKeyType":1,"closed":-1,"used":1729004967814,"created":1729004967814,"remoteIdentityKey":"Be++YzDKF5rddK+N5CS3N5JavKhu6p1RgDeNPu66nZE6"},"_chains":{"BeuLZpbvZ2S3Mhw+RiTirM5CqRopbxD81vXM5jAz3UIm":{"chainKey":{"counter":0,"key":"1vwpg5MTehdFXt89Afd7dUuKf/SC8I3IDsZaKBhJHcM="},"chainType":1,"messageKeys":{}}},"pendingPreKey":{"signedKeyId":1,"baseKey":"BcyNKjc0vq48TOHSH35KBbIWLu9Av1CmaxnqxZ4YAioJ","preKeyId":10419384}}},"version":"v1"}