{"_sessions":{"BQvM+lZ7pTRcmteWSJMfl/1tETj+8nMNSTnsu9fkUbth":{"registrationId":1179273991,"currentRatchet":{"ephemeralKeyPair":{"pubKey":"BXcs7KHkQuysKHEqE9za640km9UPic9c6dehrwJpkiMP","privKey":"gM1xsCYLLZXwVxDXo6B56VTHCji3j7HUk5WKO8HM+l4="},"lastRemoteEphemeralKey":"BW4bxRlhzydshT6BzOByvhlLX+HfiyE7YypEAoynh7FU","previousCounter":0,"rootKey":"PW+TUbnzAs9SlAWC4ozavDvjHT0BBZ75bW7txwzZF5M="},"indexInfo":{"baseKey":"BQvM+lZ7pTRcmteWSJMfl/1tETj+8nMNSTnsu9fkUbth","baseKeyType":1,"closed":1729005439667,"used":1729005439545,"created":1729005439545,"remoteIdentityKey":"BZpbomxXmTC5jN8VoYw/E3WPFuUyWxKFBeMuDAsJ21Z3"},"_chains":{"BXcs7KHkQuysKHEqE9za640km9UPic9c6dehrwJpkiMP":{"chainKey":{"counter":0,"key":"xBvXy7VTP6okTC9Ry47kUEpp2wt3znHBZWbpslxXkYE="},"chainType":1,"messageKeys":{}}},"pendingPreKey":{"signedKeyId":0,"baseKey":"BQvM+lZ7pTRcmteWSJMfl/1tETj+8nMNSTnsu9fkUbth","preKeyId":12835429}},"BS0FX/6QMYq+4vr5J6ZMHk9pRsaJR71xBc/6SG/FA8R+":{"registrationId":1179273991,"currentRatchet":{"ephemeralKeyPair":{"pubKey":"BadFbX2kNptPEA/J2CUfhvqOv8LxS+T3XMW7I27YpYJb","privKey":"yPj+iDh87hdT1d5aluoJDeN04KXmIhA6N/HjQCVhx04="},"lastRemoteEphemeralKey":"BW4bxRlhzydshT6BzOByvhlLX+HfiyE7YypEAoynh7FU","previousCounter":0,"rootKey":"h823Xtt9yyqR4KpMvBLcubAc9UsB6zPs8Wr34vPuYi0="},"indexInfo":{"baseKey":"BS0FX/6QMYq+4vr5J6ZMHk9pRsaJR71xBc/6SG/FA8R+","baseKeyType":1,"closed":1729005439693,"used":1729005439666,"created":1729005439666,"remoteIdentityKey":"BZpbomxXmTC5jN8VoYw/E3WPFuUyWxKFBeMuDAsJ21Z3"},"_chains":{"BadFbX2kNptPEA/J2CUfhvqOv8LxS+T3XMW7I27YpYJb":{"chainKey":{"counter":0,"key":"YNSWoPX3oOAHCgpXV2duLa5AHbOM9Zu+2Wy+rjx1+Vc="},"chainType":1,"messageKeys":{}}},"pendingPreKey":{"signedKeyId":0,"baseKey":"BS0FX/6QMYq+4vr5J6ZMHk9pRsaJR71xBc/6SG/FA8R+","preKeyId":12835424}},"BXQZj2/Q7VxGAfhRf8fzH6bsh+6n4k7hYgWA9SJ7DUMy":{"registrationId":1179273991,"currentRatchet":{"ephemeralKeyPair":{"pubKey":"BYR+hoL0lHfSYA+vQtT+XhCyGhB90isglTAgiS8Z/Y4X","privKey":"INaQ5+MbIhOZboNiu4BydJbCHowtXls4YH0vdPPQym8="},"lastRemoteEphemeralKey":"BW4bxRlhzydshT6BzOByvhlLX+HfiyE7YypEAoynh7FU","previousCounter":0,"rootKey":"Ld7Aufpmovo1aCyjpxKV8QTXznyb3TJKgilo2Q+B/4M="},"indexInfo":{"baseKey":"BXQZj2/Q7VxGAfhRf8fzH6bsh+6n4k7hYgWA9SJ7DUMy","baseKeyType":1,"closed":-1,"used":1729005439693,"created":1729005439693,"remoteIdentityKey":"BZpbomxXmTC5jN8VoYw/E3WPFuUyWxKFBeMuDAsJ21Z3"},"_chains":{"BYR+hoL0lHfSYA+vQtT+XhCyGhB90isglTAgiS8Z/Y4X":{"chainKey":{"counter":37,"key":"MMCnPOyK7UaVJyAI1K++dvTRaiAvvcwxg4kjO26QxSQ="},"chainType":1,"messageKeys":{}}},"pendingPreKey":{"signedKeyId":0,"baseKey":"BXQZj2/Q7VxGAfhRf8fzH6bsh+6n4k7hYgWA9SJ7DUMy","preKeyId":12835345}}},"version":"v1"}