{"_sessions":{"BYN9Gk3xqSZdlkCFW6t79WhAadJNdF4Mg62AmShzteU8":{"registrationId":637075254,"currentRatchet":{"ephemeralKeyPair":{"pubKey":"BYJChvVil4L3D3L0ORHa5veleKvtP606UW9jFIXB/h5a","privKey":"yFvfj52CZyYM0Jh41eGdG8bmq4wF6Y8UcJKUTSQvJn8="},"lastRemoteEphemeralKey":"Bb2eTze3NSDETPxf6cL4yfSQHfowV36xEbQ35909OHNn","previousCounter":0,"rootKey":"gsyCkgkenGZjNjoW6KdRlcjKj/W4pY5P1ZqwY4hX0/I="},"indexInfo":{"baseKey":"BYN9Gk3xqSZdlkCFW6t79WhAadJNdF4Mg62AmShzteU8","baseKeyType":1,"closed":-1,"used":1729065266003,"created":1729005315705,"remoteIdentityKey":"BTmYoz4NMIdfv9esTYAGa585g74m8/24u/FkhVruuO5+"},"_chains":{"Bb2eTze3NSDETPxf6cL4yfSQHfowV36xEbQ35909OHNn":{"chainKey":{"counter":1,"key":"321TWiIUKiTLFyIjCIY5Hnhx26qxh5qD7EcSkA0adyE="},"chainType":2,"messageKeys":{}},"BYJChvVil4L3D3L0ORHa5veleKvtP606UW9jFIXB/h5a":{"chainKey":{"counter":-1,"key":"5jWATvvajl32yvJ2D8lWVF3cMuikrPaGqrzku0nAxdY="},"chainType":1,"messageKeys":{}}}}},"version":"v1"}