{"_sessions":{"Bb54KPIlxh66MYrqzfXYr+jptNfXfjr1bBeEAqZDeGA5":{"registrationId":1445382185,"currentRatchet":{"ephemeralKeyPair":{"pubKey":"BR98dgX9wbpIcfF3jiTGcaVBOU9pbyhAgAIo9Zdz/Jxj","privKey":"EG0XfU9Crcj4VqeznU79o2833jdhWdsBItRHaLuq43g="},"lastRemoteEphemeralKey":"BQzMccfq1LcnOBsYQTYuEcc8Jlf65ZqzsfwrxUdXeekg","previousCounter":1,"rootKey":"u+jTcG903WspHEAoG7DqkuHFknfIQ/AHNs78cJb2joE="},"indexInfo":{"baseKey":"Bb54KPIlxh66MYrqzfXYr+jptNfXfjr1bBeEAqZDeGA5","baseKeyType":2,"closed":-1,"used":1729065295041,"created":1729004302115,"remoteIdentityKey":"BekMPl5RsnAFkDSxBLQpn9UxfgaPkvmaW9NR6ns6X69w"},"_chains":{"BXNf71IifSVH5IiOqfRiAzNTU88wpA3PTiHAfCRdH50c":{"chainKey":{"counter":8},"chainType":2,"messageKeys":{}},"BTGHUtpQs/ZM8kuM7CWLhk62W5hbbl7TYqEVlshuQjZW":{"chainKey":{"counter":0},"chainType":2,"messageKeys":{}},"BXIKpEz5yGXvTL94Eq/wfeg08MujEHktrW3KFiPN0R8u":{"chainKey":{"counter":1},"chainType":2,"messageKeys":{}},"BVNC4CvluNylonf1T4t7o1zhKeaSsxqXQoX8Irnfezly":{"chainKey":{"counter":0},"chainType":2,"messageKeys":{}},"BUFXk/7qLdHo4cu1Mdi4siEqjp6Rf9QLWtx9lNt5P01S":{"chainKey":{"counter":0},"chainType":2,"messageKeys":{}},"BYnZUlrVEkmYXp+sIoO4bZFrKPorLA3SSFJ9g0BuhgYm":{"chainKey":{"counter":3},"chainType":2,"messageKeys":{}},"BeNgpGIozLoNzFgwDCmGt6iU3bPdbXxF5++knvfqX5o7":{"chainKey":{"counter":0},"chainType":2,"messageKeys":{}},"BQzMccfq1LcnOBsYQTYuEcc8Jlf65ZqzsfwrxUdXeekg":{"chainKey":{"counter":0,"key":"VeNdMigH4CkvXA6yF3deEdXm1gFUCEtyIf7Gzh5QhDA="},"chainType":2,"messageKeys":{}},"BR98dgX9wbpIcfF3jiTGcaVBOU9pbyhAgAIo9Zdz/Jxj":{"chainKey":{"counter":-1,"key":"dk0S1yJHomMPEkrtmygydd71xRY1LxoFE1B39tc51qw="},"chainType":1,"messageKeys":{}}}}},"version":"v1"}