{"_sessions":{"BdaeYVtLcRy5hjEeS4KwuUPnjPlj/EIkd/vza3LwTw0r":{"registrationId":1844763464,"currentRatchet":{"ephemeralKeyPair":{"pubKey":"BWjVNrXr9xqzztzIXT8BlZkJM2P+Wp7jUZyjgeuhPwYW","privKey":"SPORYejq/5qV1ps2whXRyze4ODJtb/nMDytIa/i/nmE="},"lastRemoteEphemeralKey":"BXnig/qqRYzMxRTVf/EHgOwQ5m30irLvFQTin9pjV6Ju","previousCounter":0,"rootKey":"UX+e2qlV+nwydaacRo0Lb+zO7dAOhYisGIce+XV9HlQ="},"indexInfo":{"baseKey":"BdaeYVtLcRy5hjEeS4KwuUPnjPlj/EIkd/vza3LwTw0r","baseKeyType":1,"closed":-1,"used":1729004967827,"created":1729004967827,"remoteIdentityKey":"BR+hLjaWci8ITLOWO2he+y7wu3bs5f/GU93g3zFchFxt"},"_chains":{"BWjVNrXr9xqzztzIXT8BlZkJM2P+Wp7jUZyjgeuhPwYW":{"chainKey":{"counter":0,"key":"aPKHlW6ic6lrbCr/wf8TtwZ0CT6tQ5xyB9SFc0eDW6Y="},"chainType":1,"messageKeys":{}}},"pendingPreKey":{"signedKeyId":13,"baseKey":"BdaeYVtLcRy5hjEeS4KwuUPnjPlj/EIkd/vza3LwTw0r","preKeyId":14515061}}},"version":"v1"}