{"_sessions":{"BU0Fof1LpVWEwpXK12nbUI/JzlpSmPL26iqaIXSx4YlL":{"registrationId":420264957,"currentRatchet":{"ephemeralKeyPair":{"pubKey":"BaVru1un3Nn1MnSjGOHcqLqaFSyuzyJ/TBVHnBM10mV/","privKey":"wLWRwUnAlQ4C3GHxZFb2BVIyGScSmJExEXcCxt4YDXg="},"lastRemoteEphemeralKey":"BUdSSXzsvKT7X7u6M4cC97suI3U/obeHmg/wioJhx4gd","previousCounter":0,"rootKey":"irbpu2uVSw0cK1fNKFIwP2wQJkuQT3YH+ITwfuGuzTI="},"indexInfo":{"baseKey":"BU0Fof1LpVWEwpXK12nbUI/JzlpSmPL26iqaIXSx4YlL","baseKeyType":2,"closed":-1,"used":1729065239826,"created":1729065239826,"remoteIdentityKey":"BSAaOMyT1nJtMSSJjIPWsPdOWjGy6UorbQjaws27Twpv"},"_chains":{"BUdSSXzsvKT7X7u6M4cC97suI3U/obeHmg/wioJhx4gd":{"chainKey":{"counter":0,"key":"eas8FlOgyCoa1lgnCj+pv9zTu5c/dHuf5EnE8bLagZc="},"chainType":2,"messageKeys":{}},"BaVru1un3Nn1MnSjGOHcqLqaFSyuzyJ/TBVHnBM10mV/":{"chainKey":{"counter":-1,"key":"fQwlEL7XlMlhyc9p6i2WyQRp5Ph+96T1TtdxeNzlzpM="},"chainType":1,"messageKeys":{}}}}},"version":"v1"}