{"_sessions":{"BWr4XzB3NudEF8IJOMGhgio2IcVaMXWB0KJF7iTaPZ1I":{"registrationId":929707903,"currentRatchet":{"ephemeralKeyPair":{"pubKey":"BYUt4ojwQTfMikZPA6kh2Pa3ZoMC1fYaeZkh8HABIeNf","privKey":"mPSb8SDnwxIsjn4aFERffxXEh1iMrtmt+sXrFCvCh08="},"lastRemoteEphemeralKey":"BYXMfp2RhA9c6qVBv5wGy8ds2AV160xQDlXUajO7761R","previousCounter":0,"rootKey":"/V7wPPATpghUNdaKyO4dIXzaAJJbxYOSwfk+TKVplPc="},"indexInfo":{"baseKey":"BWr4XzB3NudEF8IJOMGhgio2IcVaMXWB0KJF7iTaPZ1I","baseKeyType":1,"closed":-1,"used":1729004967715,"created":1729004967715,"remoteIdentityKey":"BTrM8wIdf27mGrXCiJ/g0z3hsQrsexfVdvDmwjvoi5QL"},"_chains":{"BYUt4ojwQTfMikZPA6kh2Pa3ZoMC1fYaeZkh8HABIeNf":{"chainKey":{"counter":0,"key":"SUy1Oe1r1KmWhCtMi322o/1N4Qq+UkSSCppxFZa9lr4="},"chainType":1,"messageKeys":{}}},"pendingPreKey":{"signedKeyId":6,"baseKey":"BWr4XzB3NudEF8IJOMGhgio2IcVaMXWB0KJF7iTaPZ1I","preKeyId":843688}}},"version":"v1"}