{"_sessions":{"BdChiGdYhbneCdUi3kd6N92hD2BMgFQ8enoO33aRNu5+":{"registrationId":97161626,"currentRatchet":{"ephemeralKeyPair":{"pubKey":"BYJJHW0Pk0FVBEHQjUtH7Sj8scUVBxwtyTVlaA6Dv3IO","privKey":"kFHTFPJhYAmPtgf9xOQoB0MEP58n5YVrhzN4kIxD6GU="},"lastRemoteEphemeralKey":"BaEtYmU1EIlrVjweqnB3BJbgWUT3wq3q4PYzFd9+ud04","previousCounter":0,"rootKey":"AzJx7ibUQJWFPEI2qXma6jYlfUY9NJRhZ5XuOWXXvrM="},"indexInfo":{"baseKey":"BdChiGdYhbneCdUi3kd6N92hD2BMgFQ8enoO33aRNu5+","baseKeyType":1,"closed":1729065241869,"used":1729004967786,"created":1729004967786,"remoteIdentityKey":"BUjLFtAH+2b4Dzs6YBABYTVLM+X7rqvRNANae9ILAYsr"},"_chains":{"BYJJHW0Pk0FVBEHQjUtH7Sj8scUVBxwtyTVlaA6Dv3IO":{"chainKey":{"counter":0,"key":"86eBUFisnkEpP5w+q503N4u9eNywxiwpoRJ0vO5oKj8="},"chainType":1,"messageKeys":{}}},"pendingPreKey":{"signedKeyId":0,"baseKey":"BdChiGdYhbneCdUi3kd6N92hD2BMgFQ8enoO33aRNu5+","preKeyId":3694761}},"BaImjQaalZlOlc6UlaF8dxLehcPPG3aMP4DWpLuPfU0U":{"registrationId":97161626,"currentRatchet":{"ephemeralKeyPair":{"pubKey":"BV0OzzleC4LPFtg8KwIGRSWucAAu2W9bSGzXi8R0/LVm","privKey":"EI834yXMh5GiptFyH1nfe8A1zOrdzEGYCcHNtf1HAHs="},"lastRemoteEphemeralKey":"BaEtYmU1EIlrVjweqnB3BJbgWUT3wq3q4PYzFd9+ud04","previousCounter":0,"rootKey":"Jywl6h/W3QGx63HuUG1DJHrrIcmre8OZs2AOmniJTyU="},"indexInfo":{"baseKey":"BaImjQaalZlOlc6UlaF8dxLehcPPG3aMP4DWpLuPfU0U","baseKeyType":1,"closed":1729065242369,"used":1729065241856,"created":1729065241856,"remoteIdentityKey":"BUjLFtAH+2b4Dzs6YBABYTVLM+X7rqvRNANae9ILAYsr"},"_chains":{"BV0OzzleC4LPFtg8KwIGRSWucAAu2W9bSGzXi8R0/LVm":{"chainKey":{"counter":-1,"key":"j0/1DL4jTVHUgOkFDPtuct/6xlEWOnjGO99aPtHTRWM="},"chainType":1,"messageKeys":{}}},"pendingPreKey":{"signedKeyId":0,"baseKey":"BaImjQaalZlOlc6UlaF8dxLehcPPG3aMP4DWpLuPfU0U","preKeyId":3694802}},"Bd1U6hmiBEL7af+T3+3S+I1lsNvq8+FGA4CdPkLEK3AY":{"registrationId":97161626,"currentRatchet":{"ephemeralKeyPair":{"pubKey":"BQmIF63HIeBNQOfsuvTUuWYcpH5cVSMAk0eoJqwvDJAr","privKey":"uC606QkvhAp5synIhlEXmh+cQSkXotAWj2Om/cbvuHw="},"lastRemoteEphemeralKey":"BaEtYmU1EIlrVjweqnB3BJbgWUT3wq3q4PYzFd9+ud04","previousCounter":0,"rootKey":"iwE0lbuXXxSZL0Ufb7cqP37/7Tf6WEiQ+pxwIp9XQ04="},"indexInfo":{"baseKey":"Bd1U6hmiBEL7af+T3+3S+I1lsNvq8+FGA4CdPkLEK3AY","baseKeyType":1,"closed":-1,"used":1729065242366,"created":1729065242366,"remoteIdentityKey":"BUjLFtAH+2b4Dzs6YBABYTVLM+X7rqvRNANae9ILAYsr"},"_chains":{"BQmIF63HIeBNQOfsuvTUuWYcpH5cVSMAk0eoJqwvDJAr":{"chainKey":{"counter":-1,"key":"a3U2xlZJy5artjTvg/2okBd5JAwx9650URThwuG/7cQ="},"chainType":1,"messageKeys":{}}},"pendingPreKey":{"signedKeyId":0,"baseKey":"Bd1U6hmiBEL7af+T3+3S+I1lsNvq8+FGA4CdPkLEK3AY","preKeyId":3694656}}},"version":"v1"}