{"_sessions":{"Bbggax4DYaPDUq0Xb6eOE1s+tWu9KzPavUL0DitYuuQc":{"registrationId":795418448,"currentRatchet":{"ephemeralKeyPair":{"pubKey":"BZqR2c41PHBpGXS51cGdL6zh0nb1JnO3UlnUS619Apof","privKey":"qPBd5QZrwaXG5brXFeyqHxOYEmdH7OPv9TTSMGBNz00="},"lastRemoteEphemeralKey":"BdDh8iQLuVDCI31kUI21B4rmpdTgK/Au2x7gK4o/N74t","previousCounter":0,"rootKey":"ulxVVGn3TpMwE5WXndW1UtCsfOq/CVo0t3qP/LTgABc="},"indexInfo":{"baseKey":"Bbggax4DYaPDUq0Xb6eOE1s+tWu9KzPavUL0DitYuuQc","baseKeyType":1,"closed":-1,"used":1729004967817,"created":1729004967817,"remoteIdentityKey":"BdkcbEdU7Wlr5JeYkZLl4DE/JJi7eCjXpH74go4DwZ91"},"_chains":{"BZqR2c41PHBpGXS51cGdL6zh0nb1JnO3UlnUS619Apof":{"chainKey":{"counter":0,"key":"8hcIjno28gyjYA1320kur78XrTxia0EXmKW8ckw1IR0="},"chainType":1,"messageKeys":{}}},"pendingPreKey":{"signedKeyId":0,"baseKey":"Bbggax4DYaPDUq0Xb6eOE1s+tWu9KzPavUL0DitYuuQc","preKeyId":8626075}}},"version":"v1"}