{"_sessions":{"BUFzsmB/3lOISB+OlnyUwBViw8hUULmulzAhoxKGvRsW":{"registrationId":357174979,"currentRatchet":{"ephemeralKeyPair":{"pubKey":"BbkTpvfPhY6rgni8l9/2ZZL1JnSJBS/ZN/Yqmz3FcywD","privKey":"uCa3TSuKeCAvG88NMmIc4L6pPdp3Gikq748DN6EDQXk="},"lastRemoteEphemeralKey":"BcCcdJ6qt8i5Qiat1MlsPk/x1acayvVIuXy0mwKt5S0U","previousCounter":0,"rootKey":"VOyRa7UM9KD35LqV9Of2l7AhRUqWkJ6wRJCDcQ8sPWM="},"indexInfo":{"baseKey":"BUFzsmB/3lOISB+OlnyUwBViw8hUULmulzAhoxKGvRsW","baseKeyType":1,"closed":-1,"used":1729004967756,"created":1729004967756,"remoteIdentityKey":"BWzkdakRcx7HvDBnJ4f/FIXQgCXRldfS59AnaSztQ9NC"},"_chains":{"BbkTpvfPhY6rgni8l9/2ZZL1JnSJBS/ZN/Yqmz3FcywD":{"chainKey":{"counter":0,"key":"pK0z45iteA16ST1T6YiOJ7d6RRSvj1Yf8YU3EwhATrs="},"chainType":1,"messageKeys":{}}},"pendingPreKey":{"signedKeyId":3,"baseKey":"BUFzsmB/3lOISB+OlnyUwBViw8hUULmulzAhoxKGvRsW","preKeyId":12943186}}},"version":"v1"}