{"_sessions":{"BQ1JfdSUZoAji3zo2k8YWGtwDxf0yItIQkc9qyX0KmA3":{"registrationId":571437147,"currentRatchet":{"ephemeralKeyPair":{"pubKey":"BQMI3xvn/175h6Mvj9gFT8RiAixcs5wZfeHVicAJ5889","privKey":"iExhvBGvckvmFqYhnHt77pbZu6yUBKbzVAV4Dj7urnc="},"lastRemoteEphemeralKey":"BaSxSFbpXerKQf+leUVzBUCPCZ4Rno/LxWJtmkAjNDYM","previousCounter":0,"rootKey":"IKQQ46JE1bJYIhJrBzXKXuk2Bjgjj5qH7f7glD28lHg="},"indexInfo":{"baseKey":"BQ1JfdSUZoAji3zo2k8YWGtwDxf0yItIQkc9qyX0KmA3","baseKeyType":1,"closed":-1,"used":1729004967729,"created":1729004967729,"remoteIdentityKey":"BSEUjXKuCsAfYQaiheXgogptRWg3THtmj2k8Pcppwl8u"},"_chains":{"BQMI3xvn/175h6Mvj9gFT8RiAixcs5wZfeHVicAJ5889":{"chainKey":{"counter":0,"key":"P1OGgIlo8V9COjB6gbjXHOkIJ0BOWrp8RAlWNPOZfmQ="},"chainType":1,"messageKeys":{}}},"pendingPreKey":{"signedKeyId":1,"baseKey":"BQ1JfdSUZoAji3zo2k8YWGtwDxf0yItIQkc9qyX0KmA3","preKeyId":10980227}}},"version":"v1"}