{"_sessions":{"BbLOxI1mWfXEB5gUkzMR2ZcYsBUJcCiePfLKx24wKNwG":{"registrationId":85,"currentRatchet":{"ephemeralKeyPair":{"pubKey":"BdCBxPBKMCbIjhxv7QpUCwDrevvA5bssppYRq8eScCMB","privKey":"8EOvPlcuuGenf0KnK/jFOp0pduCGpbd3evHJMz6YJkM="},"lastRemoteEphemeralKey":"BVS3fhvNf6VxCPYz0xeDvhEHKwZCFHa1erseZks5xYV4","previousCounter":0,"rootKey":"vYlbSCEtE1M8iUYhNNCffHjJGcOYXpErbup+y8P5l3M="},"indexInfo":{"baseKey":"BbLOxI1mWfXEB5gUkzMR2ZcYsBUJcCiePfLKx24wKNwG","baseKeyType":1,"closed":-1,"used":1729004967707,"created":1729004967707,"remoteIdentityKey":"Bdf8GfZUp0pab/IRCRKaTK0yyXs/cwbopkWLnhJQsUgq"},"_chains":{"BdCBxPBKMCbIjhxv7QpUCwDrevvA5bssppYRq8eScCMB":{"chainKey":{"counter":0,"key":"H0MQuOxMis4hfC6ATILSDY21EaX+IYZQgePpQJPXQ+g="},"chainType":1,"messageKeys":{}}},"pendingPreKey":{"signedKeyId":1,"baseKey":"BbLOxI1mWfXEB5gUkzMR2ZcYsBUJcCiePfLKx24wKNwG"}}},"version":"v1"}