{"_sessions":{"BUem3ugrQMUn11HnMFeEgyywYzGiKVyibwTJX4KI8g5r":{"registrationId":1910895954,"currentRatchet":{"ephemeralKeyPair":{"pubKey":"BaGMP6HM6U+txDnXTuDeLV99GyCi07eEXaLd1nhVE8Vz","privKey":"2Jw8axkoO5BqNdvzIMXrBRUtdq47dGpHb+dvmni3BWo="},"lastRemoteEphemeralKey":"BXr0ijCxOFPA+CjUtcDS4NBSMUs2WoUpPpi8cyw74UtP","previousCounter":0,"rootKey":"9uCfTnMAYA/tpdciV1cbDUYu7Obcxl/3R8Jy22ewmiA="},"indexInfo":{"baseKey":"BUem3ugrQMUn11HnMFeEgyywYzGiKVyibwTJX4KI8g5r","baseKeyType":1,"closed":-1,"used":1729004967773,"created":1729004967773,"remoteIdentityKey":"BYhtIX2zXlWo11sg0DxG/wqRt5V8+UntWQzE9jSlHJZF"},"_chains":{"BaGMP6HM6U+txDnXTuDeLV99GyCi07eEXaLd1nhVE8Vz":{"chainKey":{"counter":0,"key":"kEC1L58Ee5mV/P671/WEY28HFvbgJNR3YioXcAxMPM0="},"chainType":1,"messageKeys":{}}},"pendingPreKey":{"signedKeyId":1,"baseKey":"BUem3ugrQMUn11HnMFeEgyywYzGiKVyibwTJX4KI8g5r"}}},"version":"v1"}