{"_sessions":{"BbO+UzI6f1O6rhQHsirhlMOjjqu7XJwpKTTCTVPJqSdS":{"registrationId":132506833,"currentRatchet":{"ephemeralKeyPair":{"pubKey":"Ba4dWrCfc+QnBFWB0TUEOht3cbPJ/oWPD27HKex3TS0b","privKey":"GFwtxXhAnufxhhG3yTLee51rgK6Rfo+b4V+gOkZsFFU="},"lastRemoteEphemeralKey":"BSh/QpWjy9M5mksprLZUAYygBc2jkk80kRHsGYiC7wZk","previousCounter":0,"rootKey":"r1QkASTO2IlyKYio5EPUIEidgrKpdExUALd4FrQjVwI="},"indexInfo":{"baseKey":"BbO+UzI6f1O6rhQHsirhlMOjjqu7XJwpKTTCTVPJqSdS","baseKeyType":1,"closed":-1,"used":1729004967819,"created":1729004967819,"remoteIdentityKey":"BeQhuROWMqVix7p6RW4ZnlwRTJzB65pZ5txRROq2aY9R"},"_chains":{"Ba4dWrCfc+QnBFWB0TUEOht3cbPJ/oWPD27HKex3TS0b":{"chainKey":{"counter":0,"key":"x1V6uzkBoJBf6NXUxTx1t81jn8fi2jmpOSlDr9eklbo="},"chainType":1,"messageKeys":{}}},"pendingPreKey":{"signedKeyId":4,"baseKey":"BbO+UzI6f1O6rhQHsirhlMOjjqu7XJwpKTTCTVPJqSdS","preKeyId":3272143}}},"version":"v1"}