{"_sessions":{"BdU1FAZzS6HSb+ORScLRKeFuJICyME7RnASPwsnsxlhu":{"registrationId":36077033,"currentRatchet":{"ephemeralKeyPair":{"pubKey":"BVDOBn8Ss7v6INEewtnYz6/oP4SG078c3i+QJ36C8Vl7","privKey":"SBNH1nVY/Sju7qRii+jWEi9KG4L0wEvGAs42BYIWjXQ="},"lastRemoteEphemeralKey":"BfLiqW2s19PA2YIC7nLIZN+op6GVGqZeolkIZM3B4phJ","previousCounter":0,"rootKey":"HKWd8sEOASQyAr3HT6kyT9oZBuFi/2miVQBFnA5iHEs="},"indexInfo":{"baseKey":"BdU1FAZzS6HSb+ORScLRKeFuJICyME7RnASPwsnsxlhu","baseKeyType":1,"closed":-1,"used":1729005315724,"created":1729005315724,"remoteIdentityKey":"BVe3JB/4mXj6FK9PkMOXbYS0mPzSTUUazmTz0W4bz+wx"},"_chains":{"BVDOBn8Ss7v6INEewtnYz6/oP4SG078c3i+QJ36C8Vl7":{"chainKey":{"counter":0,"key":"GB7WaQvmViBsfxMAvwF1Ze0F01AFtbrXcjOl9OSth9E="},"chainType":1,"messageKeys":{}}},"pendingPreKey":{"signedKeyId":23,"baseKey":"BdU1FAZzS6HSb+ORScLRKeFuJICyME7RnASPwsnsxlhu","preKeyId":8958399}}},"version":"v1"}