{"_sessions":{"BfhdjXUGn72ox/56y1ThdUIfUhOM4UqCik3A8h/tV5Am":{"registrationId":1274131230,"currentRatchet":{"ephemeralKeyPair":{"pubKey":"BQktxHJwM/Psqmgqo1EmGK9fTiEm+/ViyUGI1oIN1ip6","privKey":"EHfndnVJIWkP6VH2AxlIsJdt7cVFqjQJieZITfUYl3A="},"lastRemoteEphemeralKey":"BaWEwLXr6KLSyD+3yPS+dpIDiQtLKFXeGy/MQFZo2EAG","previousCounter":0,"rootKey":"/sODb4EZRuMumzfzPRVNNgF4DXSP76GQJyYN2CnSpuc="},"indexInfo":{"baseKey":"BfhdjXUGn72ox/56y1ThdUIfUhOM4UqCik3A8h/tV5Am","baseKeyType":2,"closed":-1,"used":1729065276377,"created":1729004338958,"remoteIdentityKey":"Bba+yxNCWJ0FM1vZ6CaaeXYaJi56Qf5wHLa1CngHD+gN"},"_chains":{"BQ9LT31VRnLSnd4M/fUz7x9vwOLBMuN9dRf0BmnvweQK":{"chainKey":{"counter":1},"chainType":2,"messageKeys":{}},"BVbOnI6PPNQqjm/iCcrSk5pcWlnGwUtH92mb3iCI4Tl5":{"chainKey":{"counter":1},"chainType":2,"messageKeys":{}},"BcdXgdWMCHJ0NsSXpP4LjyZCjkCUdt5vC/2bidgC+tNv":{"chainKey":{"counter":1},"chainType":2,"messageKeys":{}},"BQJBla1K1GCsA1SaQyWYjVoMVNcHewjzumjaQAKDO/dq":{"chainKey":{"counter":0},"chainType":2,"messageKeys":{}},"BXLEPJCJgutTgsVgOM0CKeXwj8BI8XcnF59ZgofzfzcD":{"chainKey":{"counter":0},"chainType":2,"messageKeys":{}},"BZqiJHewCsW2FFbSslxEV6aUPWrytoR+uKjdQDA0QoJD":{"chainKey":{"counter":0},"chainType":2,"messageKeys":{}},"BTpKpqpm5SOwhdAiKZKN8c+n3nQKyJLMEVEHa+zsCHsz":{"chainKey":{"counter":0},"chainType":2,"messageKeys":{}},"BTgSIwRBJvsyM1ltkoH03LQyOYnoHAwZn2AS4tUHKlAg":{"chainKey":{"counter":1},"chainType":2,"messageKeys":{}},"BfKBrkyiCJP4KVS+otedhKAJDRiCeVB0ffOAcY2trjsf":{"chainKey":{"counter":1},"chainType":2,"messageKeys":{}},"BaWEwLXr6KLSyD+3yPS+dpIDiQtLKFXeGy/MQFZo2EAG":{"chainKey":{"counter":0,"key":"jFPtIddxiAT8TvsghyCUOOxJ1/4jaYGzk5gEIvVV8PA="},"chainType":2,"messageKeys":{}},"BQktxHJwM/Psqmgqo1EmGK9fTiEm+/ViyUGI1oIN1ip6":{"chainKey":{"counter":1,"key":"JKdxnoITE5/aOHbrvi/NxsMoqFV4oQfHRBRoBFqmmSU="},"chainType":1,"messageKeys":{}}}}},"version":"v1"}