{"_sessions":{"BT3M9UUlIp0syvmCUOgOYXj70FDKJqsyBJwsiUCpPOQs":{"registrationId":1185050096,"currentRatchet":{"ephemeralKeyPair":{"pubKey":"BVBSHV0NfaUlSAf2qJeayhv1gMwOn3MoENS67IQu3R1+","privKey":"cJ5vOnPG8fKDw764xaCV2qUN9VYGPGMDCopjncT35kQ="},"lastRemoteEphemeralKey":"BaoA6Q1Um9xEk6cG7U5O6CFKIJM38BYLMiwqJgdBmqtv","previousCounter":0,"rootKey":"aexTB9oydyWsu1IK8JyZo+kQLqohexBnDwxlMETakxo="},"indexInfo":{"baseKey":"BT3M9UUlIp0syvmCUOgOYXj70FDKJqsyBJwsiUCpPOQs","baseKeyType":1,"closed":-1,"used":1729004967737,"created":1729004967737,"remoteIdentityKey":"BYZc20u2fGe/UEMqX2LKIBbcvmk/PrFsdFlIpncDDFJl"},"_chains":{"BVBSHV0NfaUlSAf2qJeayhv1gMwOn3MoENS67IQu3R1+":{"chainKey":{"counter":0,"key":"JgwqjNtZVX0f4PTuPGEh9D9TSbHdADf4MCMDEoPqMZ8="},"chainType":1,"messageKeys":{}}},"pendingPreKey":{"signedKeyId":0,"baseKey":"BT3M9UUlIp0syvmCUOgOYXj70FDKJqsyBJwsiUCpPOQs","preKeyId":9376084}}},"version":"v1"}