{"_sessions":{"BbVU/ab7wd1JCtclWdxX2QYkw5xnZPeZ93cvQO+9q4RN":{"registrationId":1781164852,"currentRatchet":{"ephemeralKeyPair":{"pubKey":"Bdw5GjWqq9p98lt85L2iMI1pXwSJnDviVc77bIxrx4EP","privKey":"iL/2BuHZpxf5Vj9GEuxrGvF+SIYfScz/7G1l/tZtRG8="},"lastRemoteEphemeralKey":"Bb2ugM3/x+3Jr18faL/RpLmweo+bJqkPRwmmMK23K4Nt","previousCounter":0,"rootKey":"fLv5sjw8z6ecRBjhF65ut0i9b/0YbNLpgPorhHmxxi0="},"indexInfo":{"baseKey":"BbVU/ab7wd1JCtclWdxX2QYkw5xnZPeZ93cvQO+9q4RN","baseKeyType":1,"closed":-1,"used":1729004967830,"created":1729004967830,"remoteIdentityKey":"BUlX3hoxZ5gbIyux8gjXMCpp0qnxthmRdaKKhahTDC4Y"},"_chains":{"Bdw5GjWqq9p98lt85L2iMI1pXwSJnDviVc77bIxrx4EP":{"chainKey":{"counter":0,"key":"iXzGrT5K9840unbJUwQqHjeZekTtdZCmljy90anjTw4="},"chainType":1,"messageKeys":{}}},"pendingPreKey":{"signedKeyId":2,"baseKey":"BbVU/ab7wd1JCtclWdxX2QYkw5xnZPeZ93cvQO+9q4RN","preKeyId":5606081}}},"version":"v1"}