{"_sessions":{"BRAASYPGOjh2nGiv+bMSf1n69HQcGSAjwWq7Z6V/7Jpj":{"registrationId":949962484,"currentRatchet":{"ephemeralKeyPair":{"pubKey":"BYIeZ0wvS9cTQKWi6MfqPId8oOsekhUv1BK8MXE02rQP","privKey":"wMVqIt9E0T+WYnMCle8uo5PVJUfN/1jKuoib8dOKb3I="},"lastRemoteEphemeralKey":"BRldmjhpi98gw16Nt8XYGBQjdm36uaHjwBv/aRiLGPoq","previousCounter":0,"rootKey":"UGyxLJwEwsvqS71p4t7dcwC6mYIYLt5uHjdbZCUkxUM="},"indexInfo":{"baseKey":"BRAASYPGOjh2nGiv+bMSf1n69HQcGSAjwWq7Z6V/7Jpj","baseKeyType":2,"closed":-1,"used":1729065254968,"created":1729065254968,"remoteIdentityKey":"BcDJpsfpyPtscblIt88r3h45xcfaAUro50TlsrPTdn5E"},"_chains":{"BRldmjhpi98gw16Nt8XYGBQjdm36uaHjwBv/aRiLGPoq":{"chainKey":{"counter":0,"key":"I0Fs8aQl5cxTksFE1Zd8zT2v0XPDiBczqqeFGgDFEUU="},"chainType":2,"messageKeys":{}},"BYIeZ0wvS9cTQKWi6MfqPId8oOsekhUv1BK8MXE02rQP":{"chainKey":{"counter":-1,"key":"BHt2LYKyyTdq1WRC0vtRcG1Fa0ReHnSdaVKnb9qk84g="},"chainType":1,"messageKeys":{}}}}},"version":"v1"}