{"_sessions":{"BTh5wlqcci7hXWlceO84sjQKUnY8ijTY4gu7Kskvh7lM":{"registrationId":96670039,"currentRatchet":{"ephemeralKeyPair":{"pubKey":"BcOOgXST0E+pKYCN3PIEXRglhS2mBdkluvigjewiY+Iq","privKey":"MEyhKBTSBZ6qvvAJsM9llXNvBz56cZ4BeKcoAb6Y3kA="},"lastRemoteEphemeralKey":"BaTZgV2b3eqO0yqH7Y21WLQZEfaknDhkI4L+/q7onpkE","previousCounter":0,"rootKey":"u5//SZFc2exBV/tesmdc0s+CYaY3aUcU1dqzNl288i0="},"indexInfo":{"baseKey":"BTh5wlqcci7hXWlceO84sjQKUnY8ijTY4gu7Kskvh7lM","baseKeyType":1,"closed":-1,"used":1729004967751,"created":1729004967751,"remoteIdentityKey":"BV/vyJvg9z6DT3zeQ7qu5wQI4ywMUdmsC7GAuS8oChJJ"},"_chains":{"BcOOgXST0E+pKYCN3PIEXRglhS2mBdkluvigjewiY+Iq":{"chainKey":{"counter":0,"key":"BEitb0sEdu+g1t9atgnpM/6bJoVVa/hQCLi9kPbe3+4="},"chainType":1,"messageKeys":{}}},"pendingPreKey":{"signedKeyId":2,"baseKey":"BTh5wlqcci7hXWlceO84sjQKUnY8ijTY4gu7Kskvh7lM","preKeyId":12249431}}},"version":"v1"}