{"_sessions":{"BZNlm+b3dT+1eh2sjH4/wrNGKyCZvH4y7frDj8kPLG0r":{"registrationId":753393035,"currentRatchet":{"ephemeralKeyPair":{"pubKey":"Bfy6jPbixLKvcaDB2dfr/zrp2nqsFb855+z79oqev4p6","privKey":"8Cdmq1WdKFqOhLNhGAlmhKV6+fis0BfyNIYe1YmU8Hk="},"lastRemoteEphemeralKey":"BW0/vcjMB6TvUaJg9/tZinVTI0OKLTw5oJIU3dxAg5dj","previousCounter":0,"rootKey":"Z1GRIHjoHt3I7IIJifzWg5fd5fAHHsdUqNwn3qjAtp4="},"indexInfo":{"baseKey":"BZNlm+b3dT+1eh2sjH4/wrNGKyCZvH4y7frDj8kPLG0r","baseKeyType":2,"closed":-1,"used":1729065240368,"created":1729065240368,"remoteIdentityKey":"BW61XMEw3S1CP3eMkcsEDQKvRFADgCVquVkO6MDipeYn"},"_chains":{"BW0/vcjMB6TvUaJg9/tZinVTI0OKLTw5oJIU3dxAg5dj":{"chainKey":{"counter":0,"key":"LgGAmgxU1ADHefpibkIfoIEBKxxxJGhNuQnSZeuISPY="},"chainType":2,"messageKeys":{}},"Bfy6jPbixLKvcaDB2dfr/zrp2nqsFb855+z79oqev4p6":{"chainKey":{"counter":-1,"key":"R74+qD6edit0Wp+FBSZuthjGCf5IePhW7y0ZcVGvDjY="},"chainType":1,"messageKeys":{}}}}},"version":"v1"}