{"_sessions":{"Be263mh2nJECfY0Wnr6231E5paCvSs4Z52Od7FKESmsj":{"registrationId":449207191,"currentRatchet":{"ephemeralKeyPair":{"pubKey":"Bbu/z1eX75sKPehXwGsZ8IuA5jKxd1rQ1X9ex/b4w1dU","privKey":"UI26Y0SJ+BfF1lz7fNXPWkrqKhAYbFWx1fN8QGL7OXo="},"lastRemoteEphemeralKey":"BcSMBZftqTV0/p4XBcK4BreLy13976jkVNjQD1Ktio0A","previousCounter":0,"rootKey":"8LqPwXFeM5db/l/uSmKCH4RDh9ZSwyfMRhS0/+sLBb8="},"indexInfo":{"baseKey":"Be263mh2nJECfY0Wnr6231E5paCvSs4Z52Od7FKESmsj","baseKeyType":1,"closed":-1,"used":1729004967778,"created":1729004967778,"remoteIdentityKey":"BYUvE51gjYbEGICykrhecn8SZfeOTFrELbTnnUC8+nJs"},"_chains":{"Bbu/z1eX75sKPehXwGsZ8IuA5jKxd1rQ1X9ex/b4w1dU":{"chainKey":{"counter":0,"key":"eiwk/OygrAyvSrCNH8SZYMuIMy5lyi9Jxieiv78kXXk="},"chainType":1,"messageKeys":{}}},"pendingPreKey":{"signedKeyId":3,"baseKey":"Be263mh2nJECfY0Wnr6231E5paCvSs4Z52Od7FKESmsj","preKeyId":11233842}}},"version":"v1"}