{"_sessions":{"BewC5l6/O6YUHbyYVmUV4W0WJUe1preOqZaHZuud5VxM":{"registrationId":98637334,"currentRatchet":{"ephemeralKeyPair":{"pubKey":"BQQJpnhYFBLKNpE18nDq8+Ool0zwXQOGYdlvDdTqYz0K","privKey":"QLqcNaok68J3R4ZFxgCmUvKKJvxX0wDv+pp5aqlRRHQ="},"lastRemoteEphemeralKey":"BWwKUkAoEKXcCNIQuL0vQG450CCzbpsYR3032ouRSWJE","previousCounter":0,"rootKey":"vP7qkTtrYhaBpPByEMwZFkaBM1Q5gQQwxig+C4hmIRI="},"indexInfo":{"baseKey":"BewC5l6/O6YUHbyYVmUV4W0WJUe1preOqZaHZuud5VxM","baseKeyType":1,"closed":-1,"used":1729004967726,"created":1729004967726,"remoteIdentityKey":"BXj2R4GAQsglinEIM4MVoU5Emn+PZy6KzJmvU6A0p0Uf"},"_chains":{"BQQJpnhYFBLKNpE18nDq8+Ool0zwXQOGYdlvDdTqYz0K":{"chainKey":{"counter":0,"key":"EEdX5QKciTy/Ev4rrqSRNBSl+7AEIo+Z2hmxOchTemc="},"chainType":1,"messageKeys":{}}},"pendingPreKey":{"signedKeyId":6,"baseKey":"BewC5l6/O6YUHbyYVmUV4W0WJUe1preOqZaHZuud5VxM","preKeyId":5429552}}},"version":"v1"}