{"_sessions":{"BW54aOVxViBlnE40urNXVoV7DkEdQH3XZ8ZiRCl5W5sZ":{"registrationId":1145960420,"currentRatchet":{"ephemeralKeyPair":{"pubKey":"BerhMOfnOZrmVchlt5kF4UqkiSX8QOYqO9X0F0oWVhcT","privKey":"WCmlzaag5rfyAqjxB7si080EAyTLqC8zHClhw+juFVo="},"lastRemoteEphemeralKey":"BZJUvF7f5c1lj+4fUz9AjReFa5NAQqUACxM6FRx/15lU","previousCounter":0,"rootKey":"FusYesMjHkt4dHoDosrAEIfY3IHC5E/HVFQ+0k4a59E="},"indexInfo":{"baseKey":"BW54aOVxViBlnE40urNXVoV7DkEdQH3XZ8ZiRCl5W5sZ","baseKeyType":1,"closed":-1,"used":1729004967776,"created":1729004967776,"remoteIdentityKey":"BQOOfdkjoUYW47iodn7gniNRRXWJq07Artfi51BuH7tP"},"_chains":{"BerhMOfnOZrmVchlt5kF4UqkiSX8QOYqO9X0F0oWVhcT":{"chainKey":{"counter":0,"key":"Tqhw5XXIY1nlN+Ac97Fmf4smkQ0yRVL8u1tLP/lTkyE="},"chainType":1,"messageKeys":{}}},"pendingPreKey":{"signedKeyId":1,"baseKey":"BW54aOVxViBlnE40urNXVoV7DkEdQH3XZ8ZiRCl5W5sZ","preKeyId":10869440}}},"version":"v1"}