{"_sessions":{"BSfF1oEd10vaULEuUaX4pw+4GLPxooxUhm6La6Ejg0cA":{"registrationId":1817602583,"currentRatchet":{"ephemeralKeyPair":{"pubKey":"BU+pk/+VNHkAnqjnOFgGnw+yglvnzoqnrWsPbeg5nHAd","privKey":"KDArdKp6C9VDWFSC6nyFFbXjM4B6eIwb+jfqmea55mQ="},"lastRemoteEphemeralKey":"BaN4+XR12+auHrjWUFjDLFPLJKPOyND4VHmAs+iHzFZH","previousCounter":0,"rootKey":"teg/R/5zS3kzwLohPWPqs8gCYGjFpqFakasHif1s39o="},"indexInfo":{"baseKey":"BSfF1oEd10vaULEuUaX4pw+4GLPxooxUhm6La6Ejg0cA","baseKeyType":2,"closed":-1,"used":1729065263626,"created":1729065263626,"remoteIdentityKey":"BSfTa5XgceMmEh7hVPbiRkVIAGUJCFFA2MpBQqxaBhtN"},"_chains":{"BaN4+XR12+auHrjWUFjDLFPLJKPOyND4VHmAs+iHzFZH":{"chainKey":{"counter":0,"key":"bn3oQqYJRI+sQbaXidxo4hoIddFJC90vmVVWwTE1Vfs="},"chainType":2,"messageKeys":{}},"BU+pk/+VNHkAnqjnOFgGnw+yglvnzoqnrWsPbeg5nHAd":{"chainKey":{"counter":-1,"key":"XFIAsDRNkCDf0CDaZhsnI9hmAkf9swE4C4Msa1wwtIY="},"chainType":1,"messageKeys":{}}}}},"version":"v1"}