{"_sessions":{"BYI32IhEWeo0e+c8lABMRi/GVFC9ap8BQG1j7YKg0Jt7":{"registrationId":659855661,"currentRatchet":{"ephemeralKeyPair":{"pubKey":"BfhvYqDGbgM1x71SDwTWFPnrjYRuxKZv2m7nVxfaAXYP","privKey":"aG1yOqlqhHe1dAbDv2YDuW1/gxpDcHZ/hNYOxinhJkk="},"lastRemoteEphemeralKey":"BdxLcyV7FJ9YxAJWv+wdr9A8FMNdxqwZzrTthV7behon","previousCounter":0,"rootKey":"i5Cb+F+Vv5GiP3fTksciSp+0VlLaa7o/ZHNs0CKA5WA="},"indexInfo":{"baseKey":"BYI32IhEWeo0e+c8lABMRi/GVFC9ap8BQG1j7YKg0Jt7","baseKeyType":1,"closed":-1,"used":1729004967760,"created":1729004967760,"remoteIdentityKey":"Bb6Q/OEgeYJLCztNmWf/YWKm2lGM4Hq/Qakb/7/bzaFk"},"_chains":{"BfhvYqDGbgM1x71SDwTWFPnrjYRuxKZv2m7nVxfaAXYP":{"chainKey":{"counter":0,"key":"vziwbONZnDCjGw1uWqhaqUFTaLqjJi8BLJRgln9vtec="},"chainType":1,"messageKeys":{}}},"pendingPreKey":{"signedKeyId":5,"baseKey":"BYI32IhEWeo0e+c8lABMRi/GVFC9ap8BQG1j7YKg0Jt7","preKeyId":10466057}}},"version":"v1"}