{"_sessions":{"BZrGGSHYihCAViaq04U7U6Sxs71AMc1yJg+MUzRto3w/":{"registrationId":471803355,"currentRatchet":{"ephemeralKeyPair":{"pubKey":"BQvD4BZIvP7dU1emjacWI3ndSOBQCoKJ/jxlS7QDw8pN","privKey":"oJ4X4+wCW8hgfeCWf5ecSnRvo3GIIa0Cp3vXsNyRKGM="},"lastRemoteEphemeralKey":"BbYkxLOn5R9X9dWfgmp1JS1T8jOoVZpc/7vH6AKGTc5E","previousCounter":0,"rootKey":"zej+wS3MyaUm3TZSysS+g5wFFLOoOfacbbihEPfd3MU="},"indexInfo":{"baseKey":"BZrGGSHYihCAViaq04U7U6Sxs71AMc1yJg+MUzRto3w/","baseKeyType":1,"closed":-1,"used":1729005819559,"created":1729004967743,"remoteIdentityKey":"BRdsnfqz9EI+zoeK2nEvwOD9Zu0pI6o3mT2JQuYC1ms1"},"_chains":{"BbYkxLOn5R9X9dWfgmp1JS1T8jOoVZpc/7vH6AKGTc5E":{"chainKey":{"counter":1,"key":"eyV8Lrh/hM5mIlc3peuwnhTEwnZqp6I7Z96Rr27U4HU="},"chainType":2,"messageKeys":{"0":"eLjh07aWOQnKm+pxwWUohDjFG7tw5LBWOzqsI8y0FyM="}},"BQvD4BZIvP7dU1emjacWI3ndSOBQCoKJ/jxlS7QDw8pN":{"chainKey":{"counter":-1,"key":"/wRhIG7w+FX9EpajN+UvcoYbbEviiRw4/M3ALgqlaXQ="},"chainType":1,"messageKeys":{}}}}},"version":"v1"}