{"_sessions":{"BV8nuilNvSC5ZawH2kYWMGMWwGxoSIUo/PAdOqF/Lft0":{"registrationId":2104760325,"currentRatchet":{"ephemeralKeyPair":{"pubKey":"BVe9swvC16a7xD+q2VRDA3v1qZ5u0EAiQkDTspsOb7Mh","privKey":"GAycD8unH+vr4t650ZWgVu37A87ekq2gxCAdR6JeV2E="},"lastRemoteEphemeralKey":"BRUKp6EG/Nxm27aSMdfomQ1joKHoOa5r0XTtHZ5Xzhhw","previousCounter":0,"rootKey":"BX6YTRhkoE62VSxXZFh7+whdG+xbCHJcER4+Rz+F27E="},"indexInfo":{"baseKey":"BV8nuilNvSC5ZawH2kYWMGMWwGxoSIUo/PAdOqF/Lft0","baseKeyType":1,"closed":-1,"used":1729004967795,"created":1729004967795,"remoteIdentityKey":"BcTlZolkEPEXwr/2VFrfzUYDchVPbLAhV/Mz1SBsrDA0"},"_chains":{"BVe9swvC16a7xD+q2VRDA3v1qZ5u0EAiQkDTspsOb7Mh":{"chainKey":{"counter":0,"key":"iYCn5ogQbDqEpihveKzV/7+S6U1KB0LQF5k1pyD+tmI="},"chainType":1,"messageKeys":{}}},"pendingPreKey":{"signedKeyId":9,"baseKey":"BV8nuilNvSC5ZawH2kYWMGMWwGxoSIUo/PAdOqF/Lft0","preKeyId":12290027}}},"version":"v1"}