{"_sessions":{"BbKFz6lrJwhOzAZmB7tNthmn1zYX9Tn49zP3kRoRmRtq":{"registrationId":1506091497,"currentRatchet":{"ephemeralKeyPair":{"pubKey":"BRZYB11OyPI1YS4HLxnrGlsB3eyhJPr/wCw1cK9BCP8x","privKey":"OKbTr1Jmey6cERpVxsQJbWAtp9HBoA/3fiaz6wFrb3w="},"lastRemoteEphemeralKey":"BapoXehHrc4VgTSCb80xR/a8G6m5F4aN1u7my3Wt2K19","previousCounter":0,"rootKey":"5xWSKKZhyio3zepOC7qhDaqLHPhsmWrb7SPmCJG2kVc="},"indexInfo":{"baseKey":"BbKFz6lrJwhOzAZmB7tNthmn1zYX9Tn49zP3kRoRmRtq","baseKeyType":1,"closed":-1,"used":1729065266141,"created":1729005315714,"remoteIdentityKey":"BdW9Q5vhH6htkAbniCAZGi68vdcBfvwUs/OvNm1OUl19"},"_chains":{"BapoXehHrc4VgTSCb80xR/a8G6m5F4aN1u7my3Wt2K19":{"chainKey":{"counter":2,"key":"n3jXC1QEqp5BwXp2SiTMbGWArTjApfvxgD7+FTSHro8="},"chainType":2,"messageKeys":{}},"BRZYB11OyPI1YS4HLxnrGlsB3eyhJPr/wCw1cK9BCP8x":{"chainKey":{"counter":-1,"key":"Mi32Pt0JfjYo1oor4Ug4JvOG8mqX0ft2Nc3PujKkKKY="},"chainType":1,"messageKeys":{}}}}},"version":"v1"}