{"_sessions":{"BbHn+VDb8VUaYbXBwSTpWX+MuNmrwm5aMUwUyapgAohT":{"registrationId":353945472,"currentRatchet":{"ephemeralKeyPair":{"pubKey":"BdP1wIzxNNqBAlDh0/DauChzwrk1tXcSKaUxnGknuadw","privKey":"yFj4lxn83htEqdmFBAFuf9W+m+usCMWIRLYNeNuR7GE="},"lastRemoteEphemeralKey":"BSL7yumXHzxPVFIPh1KEPaA39r+/1YflPRmqszQ3cs5B","previousCounter":0,"rootKey":"kN4y4RsMXZnhLYFmpCcPidDA76gX4VIasofYtDUW+08="},"indexInfo":{"baseKey":"BbHn+VDb8VUaYbXBwSTpWX+MuNmrwm5aMUwUyapgAohT","baseKeyType":1,"closed":-1,"used":1729004967810,"created":1729004967810,"remoteIdentityKey":"BSa34BoGW6TqiE4l2CdPZZF7g3r0Wk/iXzj8BPYzwTFm"},"_chains":{"BdP1wIzxNNqBAlDh0/DauChzwrk1tXcSKaUxnGknuadw":{"chainKey":{"counter":0,"key":"65v8WukmgMVxl+5jZT7HQzu0IEMMoEpBNK5lx8aLMeg="},"chainType":1,"messageKeys":{}}},"pendingPreKey":{"signedKeyId":0,"baseKey":"BbHn+VDb8VUaYbXBwSTpWX+MuNmrwm5aMUwUyapgAohT","preKeyId":7553336}}},"version":"v1"}