{"_sessions":{"BdiUWhXMbNx4AluXt7dPcBXqbMaLa5fSzOCozs0B/T8p":{"registrationId":1886816145,"currentRatchet":{"ephemeralKeyPair":{"pubKey":"BWdEPX91BVCt0o0BZChgvtOHLpl8N3cRgdTgK9dLx5dQ","privKey":"4C6/xDZ99ihpFucSK0XPBk5Fgwj73UKk36BAtXc8420="},"lastRemoteEphemeralKey":"BRMKVflKr3Pl+UksfWm/Rclyrntv2dWxWlmuo1Rr5SNJ","previousCounter":0,"rootKey":"oAfxPE8HRD3e/HbjNxfwlt9x/qMdxJTsoW0Ga+GhIKQ="},"indexInfo":{"baseKey":"BdiUWhXMbNx4AluXt7dPcBXqbMaLa5fSzOCozs0B/T8p","baseKeyType":1,"closed":-1,"used":1729065267408,"created":1729005315722,"remoteIdentityKey":"BWS3y59MCMu+TTa+lG3MS2T0FoB3O2p32yZ1JzNq1AY9"},"_chains":{"BRMKVflKr3Pl+UksfWm/Rclyrntv2dWxWlmuo1Rr5SNJ":{"chainKey":{"counter":0,"key":"G+318MPbEOQEmOyt91eSQBdf1OAUJUuckdaU8TJzgW0="},"chainType":2,"messageKeys":{}},"BWdEPX91BVCt0o0BZChgvtOHLpl8N3cRgdTgK9dLx5dQ":{"chainKey":{"counter":-1,"key":"SGDesnN4ecky+iGLPpG+eo0biKFtOy+XP4lU6UaPRc0="},"chainType":1,"messageKeys":{}}}}},"version":"v1"}