{"_sessions":{"BZXEnvwDHOiuS91jvf2K/ss7KlFr5DJ67YybWBo0ZydY":{"registrationId":687124252,"currentRatchet":{"ephemeralKeyPair":{"pubKey":"BWuVywy4TP9wIFo7hVtY0baHvCenhcQSyhHk/y8MbK5E","privKey":"+DdDZ4E5QcvWaHSYbBxpRt0P4jNIF4mHh5YVtpitlEY="},"lastRemoteEphemeralKey":"BSUPA7sFPrZAkDCqiBeZVvqLuXO8BnKiFpRr0rHDHmAN","previousCounter":0,"rootKey":"3wsbKYAglUS+ltajkOTGdcPEQndSw2Kxfn7gX7pXeL8="},"indexInfo":{"baseKey":"BZXEnvwDHOiuS91jvf2K/ss7KlFr5DJ67YybWBo0ZydY","baseKeyType":1,"closed":-1,"used":1729004967824,"created":1729004967824,"remoteIdentityKey":"Begpp3S9rV+Cta16Y7jcEbvbMuFl48bonefjbW27aXE4"},"_chains":{"BWuVywy4TP9wIFo7hVtY0baHvCenhcQSyhHk/y8MbK5E":{"chainKey":{"counter":0,"key":"YeRyGT2wWrztT1P1ljOqFon8dVIV8EI9yVfeGpxdKwA="},"chainType":1,"messageKeys":{}}},"pendingPreKey":{"signedKeyId":6,"baseKey":"BZXEnvwDHOiuS91jvf2K/ss7KlFr5DJ67YybWBo0ZydY","preKeyId":15138068}}},"version":"v1"}