{"_sessions":{"BcGpgMbddaYtBrM8KBjRS95mZz66UeP/e4/OKm/uEa8Y":{"registrationId":464351936,"currentRatchet":{"ephemeralKeyPair":{"pubKey":"BUn/2omwCE6OF/YwK7YEo2/MIe1pyyuFYtMXVjiSrl8Z","privKey":"8Bdpk23491KY8IMKWXRmi10ICW5P9Lk1peuKo1Z6vWY="},"lastRemoteEphemeralKey":"BYyGbg8w4HCDIcV+Kck1KV346Z29PD/nOSlDEv4w7PBb","previousCounter":0,"rootKey":"jTD4sT6SprLcQwwtExXVwncnG9umKW/S69b4np6zmB4="},"indexInfo":{"baseKey":"BcGpgMbddaYtBrM8KBjRS95mZz66UeP/e4/OKm/uEa8Y","baseKeyType":1,"closed":-1,"used":1729005315703,"created":1729005315703,"remoteIdentityKey":"BTk0My92qkwOOAv4spqW9XDcwjVtqSAxng6JWl8wnlxt"},"_chains":{"BUn/2omwCE6OF/YwK7YEo2/MIe1pyyuFYtMXVjiSrl8Z":{"chainKey":{"counter":0,"key":"e2CVI+SWxDlPL8i6RrrsBjP1a/WfeRbmyaie/O+ALmA="},"chainType":1,"messageKeys":{}}},"pendingPreKey":{"signedKeyId":42,"baseKey":"BcGpgMbddaYtBrM8KBjRS95mZz66UeP/e4/OKm/uEa8Y","preKeyId":13036813}}},"version":"v1"}