{"_sessions":{"BfBXYxJlHAR7w07sciJT0Yio7dPYJ0yJQvWwiQXedflZ":{"registrationId":1594027667,"currentRatchet":{"ephemeralKeyPair":{"pubKey":"BYpxc4jw95kjq6FC5RUskEmncY7d5gHN0vR97fsca+QF","privKey":"eD8cYq02j1Go/KZxJQhFi6ClKRjFZ5bR7J5OQsWOU3E="},"lastRemoteEphemeralKey":"BZt1N9PHHaY1tggdLTiJCXcrBCM53neIEZRAY3+pC/t1","previousCounter":0,"rootKey":"x1WrTKogYXkEYWjutdO+FUmFkBfJyTwGIXUQ7xJ5hWk="},"indexInfo":{"baseKey":"BfBXYxJlHAR7w07sciJT0Yio7dPYJ0yJQvWwiQXedflZ","baseKeyType":2,"closed":-1,"used":1729065261356,"created":1729065261356,"remoteIdentityKey":"BafI9iEnPxnTVtc+EkidE/MoPJ9GgThnUJjKA+yCmIIP"},"_chains":{"BZt1N9PHHaY1tggdLTiJCXcrBCM53neIEZRAY3+pC/t1":{"chainKey":{"counter":0,"key":"rIJujb0s+0Ya/E1uvyX+QFxbCAFTm3zGmsdqL3iPVLo="},"chainType":2,"messageKeys":{}},"BYpxc4jw95kjq6FC5RUskEmncY7d5gHN0vR97fsca+QF":{"chainKey":{"counter":-1,"key":"Pii5Ki+D6Vr8YGMk5PEHXsBMEEQ4bL/JHBwPzsy6I1A="},"chainType":1,"messageKeys":{}}}}},"version":"v1"}