{"_sessions":{"BbS0ynLtod1lBbRsgp8WA8WG9bGSyxllJZi9BOLUuEpG":{"registrationId":466022589,"currentRatchet":{"ephemeralKeyPair":{"pubKey":"BZw30A06blO8Lqdh2HHenPL2CML0o23jVaKEoNkQVy0M","privKey":"yGlcRaIwPzsKYbHAIO1kQEjL4SZiY3DM14yFkNQQNEA="},"lastRemoteEphemeralKey":"BaZHkE2sq9JhV9H9+VkFgCRPm8J11lHx5AyFnun3vZtQ","previousCounter":0,"rootKey":"9h9wY80iWYkRqrEtc7DH4rzZxzuJ7cVC3s3h5jucECI="},"indexInfo":{"baseKey":"BbS0ynLtod1lBbRsgp8WA8WG9bGSyxllJZi9BOLUuEpG","baseKeyType":2,"closed":-1,"used":1729065239871,"created":1729065239871,"remoteIdentityKey":"BbTjhjWoIlASn7tW0UEauhXFv09jgWvLfwTh/21+D49J"},"_chains":{"BaZHkE2sq9JhV9H9+VkFgCRPm8J11lHx5AyFnun3vZtQ":{"chainKey":{"counter":0,"key":"Kr02sprz9EuY6Uq5Xj8+hg3hr+fSUjbZ5ovNLuQFP9s="},"chainType":2,"messageKeys":{}},"BZw30A06blO8Lqdh2HHenPL2CML0o23jVaKEoNkQVy0M":{"chainKey":{"counter":-1,"key":"99Tm+tPiLl5oyf71qUDd/PrPB/0vhavBQTwVHQ6bri4="},"chainType":1,"messageKeys":{}}}}},"version":"v1"}