{"_sessions":{"BRulV4TULeUYe7QauRu1vows8vn5xW1f8i3D30S1wBtI":{"registrationId":76972306,"currentRatchet":{"ephemeralKeyPair":{"pubKey":"BVlJnvRqBKgpcJ7mfuDR4Ru5815tR8hMncUkXsvKPvBe","privKey":"uAj6+2PrC5Gh4bfbRTtFYMcovDaMgT3BMj7eLWR+MV0="},"lastRemoteEphemeralKey":"BY5XkgZG5rD9IN011x0FWz3Od6wss6g3ddEyAEWJL587","previousCounter":0,"rootKey":"BhfF6Io/vHmYvh63RRMroFwrO1MYo3TnCgjb1nH+T/A="},"indexInfo":{"baseKey":"BRulV4TULeUYe7QauRu1vows8vn5xW1f8i3D30S1wBtI","baseKeyType":1,"closed":-1,"used":1729004967781,"created":1729004967781,"remoteIdentityKey":"BfBjFz9HxLeqhH9suLDXbCUGncUQ33eYovwk88Cl4I5Z"},"_chains":{"BVlJnvRqBKgpcJ7mfuDR4Ru5815tR8hMncUkXsvKPvBe":{"chainKey":{"counter":0,"key":"Cj3EjRpxtm2XFBc55Sq/OiDViW57y4c8piBYuvyyNAo="},"chainType":1,"messageKeys":{}}},"pendingPreKey":{"signedKeyId":3,"baseKey":"BRulV4TULeUYe7QauRu1vows8vn5xW1f8i3D30S1wBtI","preKeyId":14274483}}},"version":"v1"}