{"_sessions":{"BSHRADLx/K9u42Nt5oYbpeTA/UMaWHjQ/LMT85m3cwUB":{"registrationId":8824,"currentRatchet":{"ephemeralKeyPair":{"pubKey":"BYrXvH+j64fpn9PE43jIR8FDECu44Xx6/CA7YCPgechJ","privKey":"GJSdSGHn/Cturu9n/j1vsAXbqfNybsELCbj1UgE7F0g="},"lastRemoteEphemeralKey":"BSlLxZ+dXPDzTjKgcJyqLH+2THSZToGkC+CkXgzBAUUF","previousCounter":0,"rootKey":"VXycJvSBPce0/CWZVGJRDEu/SI5GVS5TMaIErFjRfXk="},"indexInfo":{"baseKey":"BSHRADLx/K9u42Nt5oYbpeTA/UMaWHjQ/LMT85m3cwUB","baseKeyType":1,"closed":-1,"used":1729004967704,"created":1729004967704,"remoteIdentityKey":"BZnlD5VtwHAPC8TkcYoRr1QbnFBHXezc0cyNSxEYyFZ4"},"_chains":{"BYrXvH+j64fpn9PE43jIR8FDECu44Xx6/CA7YCPgechJ":{"chainKey":{"counter":0,"key":"BU57POsLcxROdks644w/uZSi+4DXnwVLVUYHOzdwMuw="},"chainType":1,"messageKeys":{}}},"pendingPreKey":{"signedKeyId":1,"baseKey":"BSHRADLx/K9u42Nt5oYbpeTA/UMaWHjQ/LMT85m3cwUB"}}},"version":"v1"}