{"_sessions":{"BTA2raNyJcu1FvlHQFMRL+QKoQu91IFr+ntqM2I0oY8i":{"registrationId":1325214047,"currentRatchet":{"ephemeralKeyPair":{"pubKey":"BZLIYuKUo9F6dP0LRApJMBxS571izyKwZbjnhfPNP/Ur","privKey":"oD4NswjKu5a92c3ZJ9ccaMqfJw1Yj3Xn+c8FuklbBW0="},"lastRemoteEphemeralKey":"BcPAehERiYqFbmNCI6lyNzgzyxc0u/vvtujP76wT8kYr","previousCounter":1,"rootKey":"ZtQl3YdLc5YLa2dGXlDGOyM4/0DBnYptVp5nebFooz0="},"indexInfo":{"baseKey":"BTA2raNyJcu1FvlHQFMRL+QKoQu91IFr+ntqM2I0oY8i","baseKeyType":2,"closed":-1,"used":1729065248011,"created":1729004413696,"remoteIdentityKey":"BYdhmec/bnJ0bIDRaiiKTHlBO/LpwWkYI99O4NfhB/lX"},"_chains":{"BXXd/Aq405nLBrEimuLlPfOA+qYqMYZHCb5fZl/AT4og":{"chainKey":{"counter":0},"chainType":2,"messageKeys":{}},"BfCnTIn/6ySRt002/+jsyBonI+z9Y/QnA8a6LDYgFDVX":{"chainKey":{"counter":0},"chainType":2,"messageKeys":{}},"Bc6yoHQytZqGUqyVBW2ISsbxP+v9zC0pENtYEua1Y11Y":{"chainKey":{"counter":4},"chainType":2,"messageKeys":{}},"BcPAehERiYqFbmNCI6lyNzgzyxc0u/vvtujP76wT8kYr":{"chainKey":{"counter":2,"key":"1KuN29EnKDoCvS/87Q6EChaqH2fGXAfJmwBLFyN4Y/Y="},"chainType":2,"messageKeys":{}},"BZLIYuKUo9F6dP0LRApJMBxS571izyKwZbjnhfPNP/Ur":{"chainKey":{"counter":0,"key":"uuyN8QGIFaQcB7UYe+RCNVO3VvWf41/1o+3aMPF3zsY="},"chainType":1,"messageKeys":{}}}}},"version":"v1"}